SchoolName,District,CurrentLevel,RecommendedProgression,Gender,Priority,Target_School_Latitude,Target_School_Longitude,Total_Progression_Schools_Found,Analysis_Message,Nearest_Progression_School,Distance_to_Nearest_KM,Progression_School_District
GGMIDS SANDEMAN TANGI,ZIARAT,Middle,High,Girls,High,67.71985412,30.39000562,7,Found 7 High schools within 6.0km,GBMODHS ZIARAT,0.27,ZIARAT
GBMIDS SIRKI AHMADOON,ZIARAT,Middle,High,Boys,High,67.33721844,30.50751543,10,Found 10 High schools within 6.0km,GBHS LOWER KACH,2.43,ZIARAT
GBMIDS PISHIN TOWN (GWALMANDI),PISHIN,Middle,High,Boys,High,66.99470088,30.58161481,12,Found 12 High schools within 6.0km,GBMODHS PISHIN,0.35,PISHIN
GBMIDS NEW KARBALA,PISHIN,Middle,High,Boys,High,66.89114903,30.6758018,7,Found 7 High schools within 6.0km,GBHS KARBALA,1.88,PISHIN
GBPS MANZARI IBRAHIM ZAI,PISHIN,Primary,Middle,Boys,High,66.99336924,30.74445943,8,Found 8 Middle schools within 6.0km,GBMIDS MANZARI,1.08,PISHIN
GBMIDS KHUDA-E-DAD ZAI,PISHIN,Middle,High,Boys,High,66.903715,30.62096333,7,Found 7 High schools within 6.0km,GGHS KARBALA,1.93,PISHIN
GBPS DUMRAN,PISHIN,Primary,Middle,Boys,High,67.665665,30.64590333,1,Found 1 Middle schools within 6.0km,GGMIDS SPAZUNDI,5.22,ZIARAT
GBMIDS TOR KHAIL SYEDAN,KILLA ABDULLAH,Middle,High,Boys,High,66.74133,30.68881,10,Found 10 High schools within 6.0km,GBHS KILLI KULAZAI,0.18,KILLA ABDULLAH
GBPS KILLI MUHAMMED UMAR KHAN,CHAMAN,Primary,Middle,Boys,High,66.47123167,30.93602998,10,Found 10 Middle schools within 6.0km,GBMIDS KILLI ABDUL REHMAN,0.76,CHAMAN
GBPS KILLI HAJI HAYAT,CHAMAN,Primary,Middle,Boys,High,66.50190502,30.94376912,8,Found 8 Middle schools within 6.0km,GBMIDS KILLI MAHSOOM KHAN,1.74,CHAMAN
GBPS AABEZAN SHELA BAGH,CHAMAN,Primary,Middle,Boys,Medium,66.60979,30.82110167,2,Found 2 Middle schools within 6.0km,GBMIDS SHEELA BAGH,0.6,CHAMAN
GBMIDS SHEELA BAGH,CHAMAN,Middle,High,Boys,Medium,66.60447,30.82215,0,Found 0 High schools within 6.0km,,,
GBPS KILLI ROZ UDDIN,CHAMAN,Primary,Middle,Boys,Medium,66.422848,30.91094114,11,Found 11 Middle schools within 6.0km,GBMIDS KILLI ROZI KHAN,0.52,CHAMAN
GBPS KILLI UMAR MANGAZAI(AMRAT KARAIZ),CHAMAN,Primary,Middle,Boys,Medium,66.50690842,30.94549556,8,Found 8 Middle schools within 6.0km,GBMIDS KILLI MAHSOOM KHAN,2.3,CHAMAN
GBMIDS KILLI MAHSOOM KHAN,CHAMAN,Middle,High,Boys,Medium,66.48643305,30.93941847,15,Found 15 High schools within 6.0km,GGHS KILLI MUHAMMAD AZAM DAMANE CHAMAN,1.4,CHAMAN
GBPS KILLI HAJI MIR DIL,CHAMAN,Primary,Middle,Boys,Medium,66.4222836,30.92605546,11,Found 11 Middle schools within 6.0km,GBMIDS KILLI ROZI KHAN,0.36,CHAMAN
GBPS LOI BAND,KILLA SAIFULLAH,Primary,Middle,Boys,Medium,67.60453498,31.24097129,0,Found 0 Middle schools within 6.0km,,,
GBPS KHATOKA,KILLA SAIFULLAH,Primary,Middle,Boys,Medium,67.74488597,30.68799921,5,Found 5 Middle schools within 6.0km,GGMIDS KILLI BABO KHAIR MUHAMMAD,5.72,KILLA SAIFULLAH
GBMIDS KAZHA KHUDADZAI,KILLA SAIFULLAH,Middle,High,Boys,Medium,68.02545667,30.83447666,1,Found 1 High schools within 6.0km,GGHS NASAI,2.24,KILLA SAIFULLAH
GBMIDS GAWASHANK,WASHUK,Middle,High,Boys,Medium,64.80445236,27.714622,1,Found 1 High schools within 6.0km,GBMODHS WASHUK,0.61,WASHUK
GBPS CHANNAL QADAR ABAD,KHARAN,Primary,Middle,Boys,Medium,65.52702898,28.55802672,15,Found 15 Middle schools within 6.0km,GGMIDS QADAR ABAD CHANNAL,0.08,KHARAN
GBMIDS JUNGEL,KHARAN,Middle,High,Boys,Medium,65.43783,28.46871167,8,Found 8 High schools within 6.0km,GGHS YASEEN ABAD,5.42,KHARAN
GBMIDS GARDAWAGH KOHLU,KOHLU,Middle,High,Boys,Medium,69.27714333,29.91326333,4,Found 4 High schools within 6.0km,GBMODHS   KOHLU,2.7,KOHLU
GBMIDS PIR KANO GHAZGI,MASTUNG,Middle,High,Boys,Medium,66.85200205,29.79295265,18,Found 18 High schools within 6.0km,GBHS KUND UMRANI,0.32,MASTUNG
GBPS NOOR ABAD SURKH,SURAB,Primary,Middle,Boys,Medium,66.24515576,28.48175845,8,Found 8 Middle schools within 6.0km,GGMIDS NOOR ABAD SURKH,0.51,SURAB
GBPS KILLI MENGAL SHORAHI,SURAB,Primary,Middle,Boys,Medium,66.1249135,28.38654137,5,Found 5 Middle schools within 6.0km,GGMIDS CHAD SHER ALI,2.91,SURAB
GGMIDS RIND SANA ABAD,KALAT,Middle,High,Girls,Medium,66.60113282,29.03136091,13,Found 13 High schools within 6.0km,GGHS CHASHMA KALAT,0.21,KALAT
GGHS KILLI NASRAN,QUETTA,High,Higher Secondary,Girls,Medium,67.01677017,30.23538049,12,Found 12 Higher Secondary schools within 6.0km,GBHSS SANDAMAN,1.84,QUETTA
GGMIDS RINDOZAI AGHBARGH,QUETTA,Middle,High,Girls,Medium,66.83237167,30.26637333,2,Found 2 High schools within 6.0km,GBHS RINDO ZAI,0.1,QUETTA
GGMIDS KILLI KOTWAL,QUETTA,Middle,High,Girls,Medium,67.00979557,30.23752225,81,Found 81 High schools within 6.0km,GBHS KOTWAL QUETTA,0.06,QUETTA
GGMIDS KILLI CHOOHI,QUETTA,Middle,High,Girls,Medium,66.96026355,30.26860106,51,Found 51 High schools within 6.0km,GGHS CHASHMA ACHOOZAI,1.03,QUETTA
GBPS BAJIKI,KHUZDAR,Primary,Middle,Boys,Medium,66.67478,27.76447833,6,Found 6 Middle schools within 6.0km,GBMIDS SORGAZ,2.41,KHUZDAR
GBPS NIAM JO,KHUZDAR,Primary,Middle,Boys,Medium,66.623595,27.78899333,13,Found 13 Middle schools within 6.0km,GGMIDS NIAM JO,0.33,KHUZDAR
GBPS CHOHARJI ZEEDI,KHUZDAR,Primary,Middle,Boys,Medium,66.8051991,27.66761389,1,Found 1 Middle schools within 6.0km,GBMIDS CHAPOTRHO ZEEDI,2.55,KHUZDAR
GBPS FAIZ ABAD ZEEDI,KHUZDAR,Primary,Middle,Boys,Medium,66.787522,27.67420372,1,Found 1 Middle schools within 6.0km,GBMIDS CHAPOTRHO ZEEDI,3.23,KHUZDAR
GBPS MUHALLAH KOSHAK,KHUZDAR,Primary,Middle,Boys,Medium,66.5998108,27.78717661,13,Found 13 Middle schools within 6.0km,GGMIDS BASIRA KUSHK,0.19,KHUZDAR
GBPS KILLI MANGEL ABAD,KHUZDAR,Primary,Middle,Boys,Medium,66.63185969,27.81357604,13,Found 13 Middle schools within 6.0km,GGMIDS MENGAL ABAD,0.14,KHUZDAR
GBMIDS RAIJ UMRANI,MUSAKHEL,Middle,High,Boys,Medium,70.23885794,30.85546922,4,Found 4 High schools within 6.0km,GGHS MALIK NIAZ KARKANA,0.2,MUSAKHEL
GBMIDS KILLI SANJAVI,ZIARAT,Middle,High,Boys,Medium,68.33553713,30.28130952,3,Found 3 High schools within 6.0km,GGHS ZARA SANJAVI (HAJI ALI),0.2,ZIARAT
GBPS WAL NAIK MUHAMMAD,DUKI,Primary,Middle,Boys,Medium,69.01591485,30.18905576,3,Found 3 Middle schools within 6.0km,GBMIDS MULLA SHAHO,3.18,DUKI
GBPS SAGHAR HAJI MUHAMMAD KHAN,DUKI,Primary,Middle,Boys,Medium,69.05618136,30.0400481,4,Found 4 Middle schools within 6.0km,GBMIDS UMAR KHAN KATAKHAIL,1.61,DUKI
GBMIDS BAWAR,LORALAI,Middle,High,Boys,Medium,68.57801667,30.354675,14,Found 14 High schools within 6.0km,GBMODHS LORALAI,1.42,LORALAI
GBMIDS CHEENAJAT,DUKI,Middle,High,Boys,Medium,68.6139924,30.15071814,4,Found 4 High schools within 6.0km,GGHS KILLI DIN MUHAMMAD NASAR,1.05,DUKI
GBMIDS TORE GHUNDI,SHERANI,Middle,High,Boys,Medium,69.78144407,31.60845459,2,Found 2 High schools within 6.0km,GGHS KHANKI ZARIF,5.13,SHERANI
GBMIDS SORE LAKAI BAIK,SHERANI,Middle,High,Boys,Medium,69.84613156,31.4760227,4,Found 4 High schools within 6.0km,GBHS MADRASSA KHUKNKAI,4.67,SHERANI
GBPS KANO KAI,ZHOB,Primary,Middle,Boys,Medium,68.02322462,31.613066,0,Found 0 Middle schools within 6.0km,,,
GGPS GUNJ MUHALLAH ,ZHOB,Primary,Middle,Girls,Medium,69.44666697,31.33958351,15,Found 15 Middle schools within 6.0km,GGMIDS POLICE LINE,0.24,ZHOB
GGMIDS WAHD SHAIKHAN,ZHOB,Middle,High,Girls,Medium,69.46362073,31.34322782,15,Found 15 High schools within 6.0km,GBHS WADH SHEIKHAN,0.08,ZHOB
GBPS RAILWAY COLONY,ZHOB,Primary,Middle,Boys,Medium,69.43043667,31.348815,14,Found 14 Middle schools within 6.0km,GBMIDS HAJI MUHAMMAD ALI [NEW ABADI ],0.45,ZHOB
GBMIDS HAJI MUHAMMAD ALI [NEW ABADI ],ZHOB,Middle,High,Boys,Medium,69.42745094,31.35668596,12,Found 12 High schools within 6.0km,GBHS KILLI APPOZAI,0.75,ZHOB
GBPS ZAKRIA ZAI,ZHOB,Primary,Middle,Boys,Standard,69.55119967,30.86706699,1,Found 1 Middle schools within 6.0km,GBMIDS SULEMAN ZAI TANG SAR,3.22,ZHOB
GBMIDS MIAN GHUNDI K.BILAL SARIAB,QUETTA,Middle,High,Boys,Standard,66.93649402,30.04805015,14,Found 14 High schools within 6.0km,GGHS KILLI BILAL MIAN GHUNDI,0.41,QUETTA
GGPS DURRANI BAGH USMAN ABAD,QUETTA,Primary,Middle,Girls,Standard,67.02983915,30.1607819,38,Found 38 Middle schools within 6.0km,GBMIDS NICHARI QUETTA,1.27,QUETTA
GBPS RAGHA,QUETTA,Primary,Middle,Boys,Standard,67.00657197,30.28783319,44,Found 44 Middle schools within 6.0km,GGMIDS TAREEN SHER,1.7,QUETTA
GBMIDS KILLI ALMAS,QUETTA,Middle,High,Boys,Standard,66.97930117,30.26181976,83,Found 83 High schools within 6.0km,GBHS KILLI GUL MUHAMMAD,0.85,QUETTA
GBMIDS HAJI MEHRAB KHAN KUCHLAK,QUETTA,Middle,High,Boys,Standard,66.95207104,30.34948852,16,Found 16 High schools within 6.0km,GBHS KUCHLAK,0.37,QUETTA
GBHS NASARAN,QUETTA,High,Higher Secondary,Boys,Standard,67.01726295,30.2378715,12,Found 12 Higher Secondary schools within 6.0km,GBHSS SANDAMAN,1.96,QUETTA
GBPS ACHKUKZAI COLONY USMAN ABAD,QUETTA,Primary,Middle,Boys,Standard,67.02841105,30.15997884,41,Found 41 Middle schools within 6.0km,GBMIDS NICHARI QUETTA,1.28,QUETTA
GBMIDS MIAN KHAN ZAI PANJPAI,QUETTA,Middle,High,Boys,Standard,66.51257504,29.84106664,2,Found 2 High schools within 6.0km,GGHS PANJPAI,3.63,QUETTA
GGMIDS BHAND,SOHBAT PUR,Middle,High,Girls,Standard,68.46505632,28.45765973,7,Found 7 High schools within 6.0km,GBHS BHAND,0.8,SOHBAT PUR
GBPS CHANDIA,JAFER ABAD,Primary,Middle,Boys,Standard,68.37901232,28.39848357,12,Found 12 Middle schools within 6.0km,GBMIDS HAJI ABDUL MAJEED KHOSA,2.57,SOHBAT PUR
GBMIDS MOHIB ALI KHOSA,JAFER ABAD,Middle,High,Boys,Standard,68.31072167,28.36532667,12,Found 12 High schools within 6.0km,GGHS ABDULLAH KUNDRANI,0.12,JAFER ABAD
GBMIDS ALLAHABAD,JAFER ABAD,Middle,High,Boys,Standard,68.28730643,28.37753157,8,Found 8 High schools within 6.0km,GGHS ABDULLAH KUNDRANI,2.64,JAFER ABAD
GBPS HAJI ALLAH WARAYA JAMALI,JAFER ABAD,Primary,Middle,Boys,Standard,67.97555667,28.13591833,6,Found 6 Middle schools within 6.0km,GBMIDS ALLAH DINNA RIND,2.16,JAFER ABAD
GBMIDS HABIB KOT,JAFER ABAD,Middle,High,Boys,Standard,68.05728114,28.18847276,9,Found 9 High schools within 6.0km,GGHS USTA JADEED( BHAGIA KHAN),0.96,JAFER ABAD
GGPS DUMBRI,SOHBAT PUR,Primary,Middle,Girls,Standard,68.51197202,28.46000273,6,Found 6 Middle schools within 6.0km,GGMIDS DARGAI,1.91,SOHBAT PUR
GBPS JUMA KHAN,SOHBAT PUR,Primary,Middle,Boys,Standard,68.59925065,28.45824046,8,Found 8 Middle schools within 6.0km,GGMIDS GOTH IMAM DIN KHIAZAI,3.06,SOHBAT PUR
GBPS MALGZAR KHOSA,SOHBAT PUR,Primary,Middle,Boys,Standard,68.42412855,28.43137846,11,Found 11 Middle schools within 6.0km,GBMIDS AITBAR KHAN KHOSA,0.89,SOHBAT PUR
GGMIDS DARGAI,SOHBAT PUR,Middle,High,Girls,Standard,68.49683093,28.48180519,6,Found 6 High schools within 6.0km,GBHS DARGAI,0.23,SOHBAT PUR
GBPS REDEEG MAND,KECH,Primary,Middle,Boys,Standard,61.84738946,26.0959873,0,Found 0 Middle schools within 6.0km,,,
GBMIDS DALAY SAR MAND,KECH,Middle,High,Co-Education,Standard,62.06145333,26.15450667,4,Found 4 High schools within 6.0km,GGHS KOH PUSHT MAND,3.74,KECH
GBMIDS  GINNAH,KECH,Middle,High,Boys,Standard,62.92980894,26.03116672,7,Found 7 High schools within 6.0km,GGHS  GINNAH,0.41,KECH
GBPS PATHER COLONY.,LASBELA,Primary,Middle,Boys,Standard,66.85163833,25.05222,7,Found 7 Middle schools within 6.0km,GGMIDS PATHAR COLONY,0.16,LASBELA
GBPS HAJI IBRAHIM SHEIKH.,LASBELA,Primary,Middle,Boys,Standard,66.91568884,25.04023523,9,Found 9 Middle schools within 6.0km,GGMIDS HAJI IBRAHIM SHEIKH,0.04,LASBELA
GBPS GOTH HASHOO KHAN.,LASBELA,Primary,Middle,Boys,Standard,66.97063014,25.07853781,3,Found 3 Middle schools within 6.0km,GBMIDS KOLWAI,2.68,LASBELA
GGMIDS MADAN WALA,LASBELA,Middle,High,Girls,Standard,66.30614738,26.22275547,12,Found 12 High schools within 6.0km,GBHS BELA,0.21,LASBELA
GBPS WINGOIE,LASBELA,Primary,Middle,Boys,Standard,66.628765,25.59357167,1,Found 1 Middle schools within 6.0km,GBMIDS KEHNWARI,5.59,LASBELA
GBPS GOMAZGI,NOSHKI,Primary,Middle,Boys,Standard,65.92499352,29.38506823,5,Found 5 Middle schools within 6.0km,GGMIDS KILLI GOMAZGI,0.08,NOSHKI
GBPS MEHMOOD ZAI,NOSHKI,Primary,Middle,Boys,Standard,65.76002667,29.711835,0,Found 0 Middle schools within 6.0km,,,
GBMIDS SAR MAL,NOSHKI,Middle,High,Boys,Standard,65.81264333,29.27596167,0,Found 0 High schools within 6.0km,,,
GBPS REHMAN ZAI,NOSHKI,Primary,Middle,Boys,Standard,65.685725,29.18010833,0,Found 0 Middle schools within 6.0km,,,
GBPS ABDUL SATTAR GOTH,AWARAN,Primary,Middle,Boys,Standard,65.68481677,26.45421655,1,Found 1 Middle schools within 6.0km,GBMIDS GAJRO,4.62,AWARAN
GBMIDS HAJI SHAHER,AWARAN,Middle,High,Boys,Standard,65.54875046,26.30252653,0,Found 0 High schools within 6.0km,,,
GBMIDS BAZAG,AWARAN,Middle,High,Boys,Standard,65.59841006,26.3296969,3,Found 3 High schools within 6.0km,GBHS CAMP JHAO,3.03,AWARAN
GBHS NOKJO,AWARAN,High,Higher Secondary,Boys,Standard,65.70291333,27.22646667,0,Found 0 Higher Secondary schools within 6.0km,,,
GBMIDS NONDRA PAILAR,AWARAN,Middle,High,Boys,Standard,65.75478533,26.88445827,1,Found 1 High schools within 6.0km,GBHS PILLAR JHAOO,3.19,AWARAN
GBMIDS SUIMAN,BARKHAN,Middle,High,Boys,Standard,69.53869385,29.84361851,6,Found 6 High schools within 6.0km,GGHS DODA KHAN QASMANI,1.97,BARKHAN
GBMIDS TOTA DHAMANI,BARKHAN,Middle,High,Boys,Standard,69.47620005,29.84135242,5,Found 5 High schools within 6.0km,GBHS LOHMA ZAREEN,2.52,BARKHAN
GBPS DEH GHULAM MUHAMMAD,BARKHAN,Primary,Middle,Boys,Standard,69.92902048,30.10378585,5,Found 5 Middle schools within 6.0km,GGMIDS BASTI HAJI ALLAH BAKHSH RAKHNI,1.28,BARKHAN
GBPS TAJ MUHAMMAD LUNDI,BARKHAN,Primary,Middle,Boys,Standard,69.82386243,30.17187113,1,Found 1 Middle schools within 6.0km,GBMIDS TAGHAO,2.62,BARKHAN
GBMIDS HAJI ZAREEN LOOP,BARKHAN,Middle,High,Boys,Standard,69.88941358,30.32174369,5,Found 5 High schools within 6.0km,GBHS BASTI AMIR MUHAMMAD,1.19,BARKHAN
GBPS QAZI MIR WAH,SIBI,Primary,Middle,Boys,Standard,68.22544396,29.15775816,4,Found 4 Middle schools within 6.0km,GBMIDS MUHALLAH ARAIN,1.71,SIBI
GBPS HINDO MUHALLAH LEHRI,SIBI,Primary,Middle,Boys,Standard,68.2095527,29.18214824,4,Found 4 Middle schools within 6.0km,GBMIDS MUHALLAH ARAIN,0.37,SIBI
GBPS HINDO MUHALLAH BAKHTIAR ABAD DOMKI,SIBI,Primary,Middle,Boys,Standard,68.01202313,28.99019129,0,Found 0 Middle schools within 6.0km,,,
GBMIDS BASTI GOYA,KACHHI,Middle,High,Boys,Standard,67.81349587,29.04081269,5,Found 5 High schools within 6.0km,GBHS BHAG,0.97,KACHHI
GBPS KHAIR WAH,SIBI,Primary,Middle,Boys,Standard,68.080075,29.16217167,1,Found 1 Middle schools within 6.0km,GGMIDS KHAIR WAH,0.54,SIBI
GBPS MUHAMMAD SIDDIQ BANGULZAI,NASEER ABAD,Primary,Middle,Boys,Standard,68.2378244,28.57384385,16,Found 16 Middle schools within 6.0km,GGMIDS QAIMUDDIN LASHARI /RANA KHAN RIND,1.11,NASEER ABAD
GBMIDS AFZAL ABAD,NASEER ABAD,Middle,High,Boys,Standard,68.08418381,28.47008553,6,Found 6 High schools within 6.0km,GGHS MIR BEHRAM KHAN BULIDI,4.08,NASEER ABAD
GBMIDS SHER MUHAMMAD NICHARI,NASEER ABAD,Middle,High,Boys,Standard,68.10564245,28.4670284,6,Found 6 High schools within 6.0km,GBHS MIR GUL JATAK,2.54,NASEER ABAD
GBMIDS DILMURAD GOLA (SODHA GOLA),NASEER ABAD,Middle,High,Boys,Standard,68.04093052,28.39722101,4,Found 4 High schools within 6.0km,GBHS YAR MUHAMMAD LEHRI,2.64,NASEER ABAD
GBPS DAD MUHAMMAD ZEHRI,NASEER ABAD,Primary,Middle,Boys,Standard,68.07984148,28.39696127,13,Found 13 Middle schools within 6.0km,GBMIDS WADERA SHAKAR KHAN,1.52,NASEER ABAD
GBPS ATTAULLAH BULADI.,NASEER ABAD,Primary,Middle,Boys,Standard,68.07088172,28.34864382,8,Found 8 Middle schools within 6.0km,GBMIDS LUTAF ALI JAMALI,2.22,JAFER ABAD
GBPS SOBDAR KHOSA,NASEER ABAD,Primary,Middle,Boys,Standard,68.14757787,28.49302332,10,Found 10 Middle schools within 6.0km,GBMIDS GOTH MUHAMMAD SALEH SASOLI,2.15,NASEER ABAD
GBPS HAJI MANDO,NASEER ABAD,Primary,Middle,Boys,Standard,67.9979475,28.43686688,8,Found 8 Middle schools within 6.0km,GGMIDS MIR MUHAMMAD MENGAL,0.13,NASEER ABAD
GBMIDS ALHINDA KHAN USMANI,NASEER ABAD,Middle,High,Boys,Standard,68.39196538,28.53421864,8,Found 8 High schools within 6.0km,GGHS JIA KHAN KHOSA,1.35,SOHBAT PUR
GBPS MIR SHEHZADA KHAN UMRANI,NASEER ABAD,Primary,Middle,Boys,Standard,68.33538418,28.51670964,6,Found 6 Middle schools within 6.0km,GBMIDS ABDUL RAZAQUE UMARANI.,2.74,NASEER ABAD
GBPS SHARBAT KHAN JATTAK,NASEER ABAD,Primary,Middle,Boys,Standard,67.98419212,28.25816438,9,Found 9 Middle schools within 6.0km,GBMIDS FAIZ ABAD JAMALI,2.38,JAFER ABAD
GBPS JUMA KHAN UMRANI,NASEER ABAD,Primary,Middle,Boys,Standard,67.98954638,28.29785129,8,Found 8 Middle schools within 6.0km,GBMIDS QABOLA KARAM KHAN,2.67,NASEER ABAD
GBMIDS REHMATULLAH LEHRI,NASEER ABAD,Middle,High,Boys,Standard,68.23051107,28.46640193,8,Found 8 High schools within 6.0km,GBHS ABDUL MAJEED LEHRI,2.62,NASEER ABAD
GBPS MUHAMMAD KHAN CHOTI,BARKHAN,Primary,Middle,Boys,Standard,69.60738031,29.97306421,5,Found 5 Middle schools within 6.0km,GGMIDS FARID ABAD HAKEEMANI,1.15,BARKHAN
GBPS MIR MUHAMMAD KARAMDANI,BARKHAN,Primary,Middle,Boys,Standard,69.73024167,30.08249833,5,Found 5 Middle schools within 6.0km,GGMIDS BASTI HABBATAIN NODO ZIKRANI,2.89,BARKHAN
GBPS MASOO,KACHHI,Primary,Middle,Boys,Standard,67.77897761,29.18105982,7,Found 7 Middle schools within 6.0km,GBMIDS BASHKIA,1.5,KACHHI
GBHS  ZARDALO,HARNAI,High,Higher Secondary,Boys,Standard,67.52310607,30.29627702,0,Found 0 Higher Secondary schools within 6.0km,,,
GBMIDS TANG WANI,DERA BUGTI,Middle,High,Boys,Standard,69.51746988,29.52998696,3,Found 3 High schools within 6.0km,GBHS SHUM AMIRIAN KHALIRA,4.2,DERA BUGTI
GBMIDS KILLI ALAM KHAN,DERA BUGTI,Middle,High,Boys,Standard,69.59931464,29.45481423,10,Found 10 High schools within 6.0km,GBHS KILLI HAJI MIAN KHAN PELAWAGH,0.87,DERA BUGTI
GBMIDS SHAMS UL HUDA JIWA,SURAB,Middle,High,Boys,Standard,66.2846901,28.11122703,0,Found 0 High schools within 6.0km,,,
GGMIDS RAILWAY STATION AKHTAR ABAD,HARNAI,Middle,High,Girls,Standard,67.9379373,30.10169991,9,Found 9 High schools within 6.0km,GGHS GHARIB ABAD(HARNAI),0.01,HARNAI
GGMIDS SAEED MUHAMMAD KANRANI,SOHBAT PUR,Middle,High,Girls,Standard,68.71146371,28.49140441,7,Found 7 High schools within 6.0km,GBHS GHULAM MUHAMMAD KANRANI,3.86,SOHBAT PUR
GGMIDS SHIPANKO BAZAR,GWADAR,Middle,High,Girls,Standard,63.47152864,25.2701959,8,Found 8 High schools within 6.0km,GBHS BABAR SHOR,0.02,GWADAR
GBMIDS MARRI ABAD,SIBI,Middle,High,Boys,Standard,67.886555,29.57687667,18,Found 18 High schools within 6.0km,GGHS SATH MARLA GOLA KHOSA,0.78,SIBI
GGPS MEHAR ALI,SOHBAT PUR,Primary,Middle,Girls,Standard,68.50777557,28.51375528,8,Found 8 Middle schools within 6.0km,GGMIDS AZAM MANJHANI KHOSA,0.41,SOHBAT PUR
GGMIDS BALOCH BAGH,LASBELA,Middle,High,Girls,Standard,66.70349,25.42344167,3,Found 3 High schools within 6.0km,GBHS GOTH HAJI CHAKAR WINDER,0.08,LASBELA
GBHS JAM YOUSAF COLONY,LASBELA,High,Higher Secondary,Boys,Standard,66.87978179,25.04366698,1,Found 1 Higher Secondary schools within 6.0km,GGHSS HUB,0.88,LASBELA
GBMIDS DAZEN TUMP,KECH,Middle,High,Girls,Standard,63.01984167,25.998465,14,Found 14 High schools within 6.0km,GBHS SHAHI TUMP,0.11,KECH
GGPS ABDUL RASOOL BUGHTI,NASEER ABAD,Primary,Middle,Girls,Standard,68.21178167,28.54405667,16,Found 16 Middle schools within 6.0km,GGMIDS NOTAL,0.21,NASEER ABAD
GGMIDS NOOR MUHAMMAD MENGAL,NASEER ABAD,Middle,High,Girls,Standard,68.13668333,28.42270167,9,Found 9 High schools within 6.0km,GBHS MIR GUL JATAK,1.4,NASEER ABAD
GGMIDS NAWA KILLI,KILLA SAIFULLAH,Middle,High,Girls,Standard,67.72966105,30.82376929,10,Found 10 High schools within 6.0km,GGHS REHRI KILLI,0.68,KILLA SAIFULLAH
GBMIDS MURAD ABAD KHUZDAR,KHUZDAR,Middle,High,Boys,Standard,66.61879948,27.82965018,9,Found 9 High schools within 6.0km,GGHS KHATAN,0.83,KHUZDAR
GGMIDS BASTI LOHARAN,SIBI,Middle,High,Girls,Standard,68.2162497,29.19071666,5,Found 5 High schools within 6.0km,GBHS BASTI LOHARAN,0.01,SIBI
GGMIDS SIDDIQUE ABAD,QUETTA,Middle,High,Girls,Standard,66.96723337,30.21701676,78,Found 78 High schools within 6.0km,GBHS KHAROT ABAD NO.1,0.56,QUETTA
GGPS LIAQAT ABAD,AWARAN,Primary,Middle,Co-Education,Standard,65.59598667,27.10749,3,Found 3 Middle schools within 6.0km,GGMIDS KHANDARI,0.87,AWARAN
GBPS MURADHAN ALYANI,KOHLU,Primary,Middle,Boys,Standard,69.26709167,29.904795,8,Found 8 Middle schools within 6.0km,GGMIDS MURADHAN ALYANI,0.04,KOHLU
GGMIDS KHALIQ ABAD,SURAB,Middle,High,Girls,Standard,66.2604994,28.48544158,6,Found 6 High schools within 6.0km,GBHS SURAB,0.32,SURAB
GGMIDS DHAL BAIDEE,AWARAN,Middle,High,Girls,Standard,65.28906907,26.51162863,4,Found 4 High schools within 6.0km,GBHS PIR ANDER,1.19,AWARAN
GGHS GISHKOOR,AWARAN,High,Higher Secondary,Girls,Standard,64.73621188,26.25099417,1,Found 1 Higher Secondary schools within 6.0km,GBHSS GISHKOR,0.32,AWARAN
GGPS  LIBNAN MAND,KECH,Primary,Middle,Girls,Standard,62.01770676,26.1174488,5,Found 5 Middle schools within 6.0km,GGMIDS BALOCH ABAD MAND,1.68,KECH
GGMIDS MITHA KHAN MANJHO,NASEER ABAD,Middle,High,Girls,Standard,68.03345167,28.45829667,5,Found 5 High schools within 6.0km,GBHS SHORI DATA,1.49,NASEER ABAD
GGMIDS JAFFAR ABAD,KHUZDAR,Middle,High,Girls,Standard,66.613735,27.82760333,9,Found 9 High schools within 6.0km,GGHS SALEH ABAD,0.49,KHUZDAR
GGPS BASTI DEH BABANI,BARKHAN,Primary,Middle,Girls,Standard,69.91816465,30.10855341,5,Found 5 Middle schools within 6.0km,GGMIDS BASTI HAJI ALLAH BAKHSH RAKHNI,2.03,BARKHAN
GBMIDS M. DIN SAHIB DAD,KOHLU,Middle,High,Boys,Standard,69.207205,29.90986833,7,Found 7 High schools within 6.0km,GBHS MUHAMMAD KAMAL QALANDRANI,3.55,KOHLU
GBPS MIR HAJI REHIMKANI,KOHLU,Primary,Middle,Boys,Standard,69.15544667,29.83841833,4,Found 4 Middle schools within 6.0km,GBMIDS KILLI YAAQOOB KHAN MAHBATANI BHORI,0.81,KOHLU
GGMIDS  KOHEE KHAN NOTEZAI,CHAGHI,Middle,High,Girls,Standard,64.40922891,28.89447143,13,Found 13 High schools within 6.0km,GBHS KILLI DAUD ABAD,0.2,CHAGHI
GGPS  SHAH MUHAMMAD,NOSHKI,Primary,Middle,Girls,Standard,66.10663673,29.57133487,5,Found 5 Middle schools within 6.0km,GBMIDS HAJI KHUDA-E-DAD,2.39,NOSHKI
GGMIDS SHER MUHAMMAD NICHARI,NASEER ABAD,Middle,High,Girls,Standard,68.21009,28.54819167,9,Found 9 High schools within 6.0km,GBHS SPECIAL DERA MURAD JAMALI,0.8,NASEER ABAD
GBPS MADRASSA MUFTA-UL-ALOOM,ZHOB,Primary,Middle,Boys,Standard,69.47687,31.346805,14,Found 14 Middle schools within 6.0km,GBMIDS DAWAL GADH,1.44,SHERANI
GGMIDS SHABOZAI,ZHOB,Middle,High,Girls,Standard,69.43482698,31.28050683,12,Found 12 High schools within 6.0km,GGHS APPOZAI ZHOB,2.17,ZHOB
GGMIDS MUHAMMAD KHAIL PANJPAI,QUETTA,Middle,High,Girls,Standard,66.57419271,30.0067679,1,Found 1 High schools within 6.0km,GBHS MUHAMMAD KHAIL,0.09,QUETTA
GGMIDS MUHALLAH ARAIN,JHAL MAGSI,Middle,High,Girls,Standard,67.48569167,28.61576333,5,Found 5 High schools within 6.0km,GGHS GANDAWAH,0.19,JHAL MAGSI
GGPS NIMKI ALLA-ABAD,DUKI,Primary,Middle,Girls,Standard,68.89823009,30.06005476,2,Found 2 Middle schools within 6.0km,GBMIDS NUMKI ALLAHABAD,0.16,DUKI
GGPS NEW BAWAR,LORALAI,Primary,Middle,Girls,Standard,68.55035573,30.40001018,11,Found 11 Middle schools within 6.0km,GBMIDS KILLI MUSA KHAN NASAR BAWAR,1.47,LORALAI
GGMIDS QADAR ABAD TOWN,KHARAN,Middle,High,Girls,Standard,65.40871167,28.57804333,8,Found 8 High schools within 6.0km,GGHS YASEEN ABAD,0.62,KHARAN
GGMIDS GHULAM MUHAMMAD SARPARA,NASEER ABAD,Middle,High,Girls,Standard,68.12764333,28.488235,7,Found 7 High schools within 6.0km,GBHS SONA KHAN GOHT GHULAM M.SARBARH,0.4,NASEER ABAD
GGMIDS ISHAQUE GOTH WINDER,LASBELA,Middle,High,Girls,Standard,66.67517833,25.41206833,2,Found 2 High schools within 6.0km,GGHS RANA BITT,1.47,LASBELA
GGMIDS JAM YOUSAF COLONY,LASBELA,Middle,High,Girls,Standard,66.88005824,25.04440052,5,Found 5 High schools within 6.0km,GBHS JAM YOUSAF COLONY,0.04,LASBELA
GBPS ANWAR ABAD SUNNI,KHUZDAR,Primary,Middle,Boys,Standard,66.61281167,27.85542,12,Found 12 Middle schools within 6.0km,GGMIDS JAFFAR ABAD,1.24,KHUZDAR
GGPS HAFIZ ROSHAN DIN,SOHBAT PUR,Primary,Middle,Girls,Standard,68.51545293,28.63582347,5,Found 5 Middle schools within 6.0km,GBMIDS ROSHAN UD DIN KHAN KHOSA,0.16,SOHBAT PUR
GBMIDS KILLI MUSA KHAN NASAR BAWAR,LORALAI,Middle,High,Boys,Standard,68.5573,30.36927667,16,Found 16 High schools within 6.0km,GGHS NAWAN KILLI PATHAN KOT,1.49,LORALAI
GBPS KILLI MALIK NAZREY SHAMOZAI,MUSAKHEL,Primary,Middle,Boys,Standard,69.94695615,31.16425132,0,Found 0 Middle schools within 6.0km,,,
GGPS MUHAMMAD AZEEM MAGSI,JAFER ABAD,Primary,Middle,Girls,Standard,68.39949103,28.50367718,12,Found 12 Middle schools within 6.0km,GBMIDS MUHAMMAD AZEEM MAGSI,0.23,JAFER ABAD
GBPS BASTI NALA (KILLI M BAKHSH),SIBI,Primary,Middle,Boys,Standard,67.99823652,29.00916113,0,Found 0 Middle schools within 6.0km,,,
GBPS HUMAYUN JOGEZAI,KILLA SAIFULLAH,Primary,Middle,Boys,Standard,68.27397001,30.72450105,3,Found 3 Middle schools within 6.0km,GGMIDS KILLI SARDAR ROZI,1.44,KILLA SAIFULLAH
GGCMPS NEW KAHAN QUETTA,QUETTA,Middle,High,Girls,Standard,66.92969667,30.08962833,21,Found 21 High schools within 6.0km,GBHS CHILTAN RAISANI SARIAB,1.33,QUETTA
GGMIDS KILLI MENGAL ABAD LIZO,KHUZDAR,Middle,High,Girls,Standard,66.62017358,27.80081517,9,Found 9 High schools within 6.0km,GGHS KHATAN,0.58,KHUZDAR
GBPS ADIL ABAD,SHERANI,Primary,Middle,Boys,Standard,69.85060784,31.50962621,5,Found 5 Middle schools within 6.0km,GBMIDS SORE LAKAI BAIK,1.39,SHERANI
GGPS HAJI MUHAMMAD RASOOL,CHAMAN,Primary,Middle,Girls,Standard,66.51395692,30.94016664,7,Found 7 Middle schools within 6.0km,GBMIDS MUHAMMAD MIR ANZARGI KARAIZ,2.9,CHAMAN
GGPS SAAT MARLA,KHUZDAR,Primary,Middle,Girls,Standard,66.63804167,27.80395167,13,Found 13 Middle schools within 6.0km,GGMIDS LATIF ABAD KHATTAN,0.43,KHUZDAR
GBPS ALI BAKHSH SASOLI,NASEER ABAD,Primary,Middle,Boys,Standard,68.33636368,28.52335761,5,Found 5 Middle schools within 6.0km,GBMIDS ABDUL RAZAQUE UMARANI.,2.66,NASEER ABAD
GBPS BAZI GEER KHUZDAR,KHUZDAR,Primary,Middle,Boys,Standard,66.60348392,27.83728026,12,Found 12 Middle schools within 6.0km,GGMIDSS BAZGIR,0.17,KHUZDAR
GBPS KAKA ZAI,PISHIN,Primary,Middle,Boys,Standard,66.903525,30.74236167,15,Found 15 Middle schools within 6.0km,GBMIDS HAJIAN SHAKERZAI,1.3,PISHIN
GBPS HUZOOR BAKHSH DOMKI,SOHBAT PUR,Primary,Middle,Boys,Standard,68.3727031,28.43001853,12,Found 12 Middle schools within 6.0km,GBMIDS HAJI ABDUL MAJEED KHOSA,1.76,SOHBAT PUR
GBPS GORGAGE JADEED,NOSHKI,Primary,Middle,Boys,Standard,65.80022,29.24933667,3,Found 3 Middle schools within 6.0km,GBMIDS SAR MAL,1.84,NOSHKI
GBPS MUHAMMAD HASHIM,NOSHKI,Primary,Middle,Boys,Standard,65.50721111,29.07603521,1,Found 1 Middle schools within 6.0km,GGMIDS MUHAMMAD HASHIM,0.17,NOSHKI
GGMIDS CHILTAN SCHEME,QUETTA,Middle,High,Girls,Standard,66.97194387,30.25855934,76,Found 76 High schools within 6.0km,GGHS KILLI GUL MUHAMMED,1.32,QUETTA
"GBMIDS KILLI JAMALHAN, JANAT ALI",KOHLU,Middle,High,Boys,Standard,69.18812547,29.34416953,0,Found 0 High schools within 6.0km,,,
GBMIDS GOTH RAZA MUHAMMAD LEHRI FAROOQABAD DMJ,NASEER ABAD,Middle,High,Boys,Standard,68.28521304,28.4421974,8,Found 8 High schools within 6.0km,GBHS SHAFI MUHAMMAD UMRANI,1.71,NASEER ABAD
GBPS MADRASSA HARAM ZAI,SHERANI,Primary,Middle,Boys,Standard,69.68958661,31.50498523,4,Found 4 Middle schools within 6.0km,GBMIDS KILLI NEIKAN,1.72,SHERANI
GGMIDS NAIK MOHD. MARDANZAI SH: KILLI (LATE) HAJI NAIK MOHD,LORALAI,Middle,High,Girls,Standard,68.60934783,30.38219522,12,Found 12 High schools within 6.0km,GGHS PAHARHI MUHALLAH,0.64,LORALAI
GBPS MADRASSA MATEE-UL-ALOOM JHANGAIR SH,DUKI,Primary,Middle,Boys,Standard,68.84429083,30.06236524,1,Found 1 Middle schools within 6.0km,GGMIDS  SHADI KHAN  JAHANGEER SHER,0.26,DUKI
GBPS GHULAM QADAR MARI,NASEER ABAD,Primary,Middle,Boys,Standard,68.02568253,28.43217001,9,Found 9 Middle schools within 6.0km,GGMIDS MITHA KHAN MANJHO,1.39,NASEER ABAD
GBPS DILWANI,HARNAI,Primary,Middle,Boys,Standard,67.39410773,30.17965727,0,Found 0 Middle schools within 6.0km,,,
GBPS RONJAN MASHKEY,AWARAN,Primary,Middle,Boys,Standard,65.74405415,27.43461023,1,Found 1 Middle schools within 6.0km,GBMIDS RONJAN NO 1,2.18,AWARAN
GBPS DOCTOR ABDUL SADIQ,KILLA ABDULLAH,Primary,Middle,Boys,Standard,66.72709036,30.68645544,11,Found 11 Middle schools within 6.0km,GBMIDS SAZO PIR ALI ZAI,1.19,KILLA ABDULLAH
GBPS GOTH SHAHBAZ KHAN KATOR,JAFER ABAD,Primary,Middle,Boys,Standard,68.30922,28.35905167,15,Found 15 Middle schools within 6.0km,GBMIDS MOHIB ALI KHOSA,0.31,JAFER ABAD
GBPS HAJI LALA KHAN BADEZAI PASHTON ABAD,QUETTA,Primary,Middle,Boys,Standard,67.03360713,30.15776948,35,Found 35 Middle schools within 6.0km,GBMIDS NASAR ABAD QUETTA,1.13,QUETTA
GGPS Killi Hussain Abad,KHUZDAR,Primary,Middle,Girls,Standard,66.59502,27.88568833,13,Found 13 Middle schools within 6.0km,GGMIDSS BAZGIR,2.51,KHUZDAR
GGPS New Mitho,JHAL MAGSI,Primary,Middle,Girls,Standard,67.50531757,27.97253667,2,Found 2 Middle schools within 6.0km,GGMIDS KEHNA KHICHI,0.84,JHAL MAGSI
GBPS MADRASSA DARUL TOHEED MAGSI SHAKH TAMBOO,NASEER ABAD,Primary,Middle,Boys,Standard,67.89856082,28.40004967,2,Found 2 Middle schools within 6.0km,GBMIDS MOLVI LEHRI,2.67,NASEER ABAD
GBPS KILLI SHADI KHAN SIRKI TALARI,CHAMAN,Primary,Middle,Boys,Standard,66.46649269,30.93634462,12,Found 12 Middle schools within 6.0km,GBMIDS KILLI ABDUL REHMAN,0.24,CHAMAN
GBPS HAJI FATEH MUHAMMAD GULDAR BAGHECHA,CHAMAN,Primary,Middle,Boys,Standard,66.42321773,30.93906457,11,Found 11 Middle schools within 6.0km,GBMIDS KILLI ROZI KHAN,0.92,CHAMAN
GBPS GOTH DOST MOHAMMAD PANDRANI,NASEER ABAD,Primary,Middle,Boys,Standard,68.19494594,28.63178311,13,Found 13 Middle schools within 6.0km,GGMIDS ABDUL REHMAN HIJWANI,3.77,NASEER ABAD
GGPS SABAWOON POWER HOUSE ROAD CHAMAN,CHAMAN,Primary,Middle,Girls,Standard,66.44977895,30.9230803,14,Found 14 Middle schools within 6.0km,GBMIDS MADRASSA TADREES UL QURAN,0.3,CHAMAN
GBPS ABDUL RASOOL BUGTI,NASEER ABAD,Primary,Middle,Boys,Standard,68.2112851,28.5436375,16,Found 16 Middle schools within 6.0km,GGMIDS NOTAL,0.19,NASEER ABAD
GGMIDS RAKHNI CITY NEAR WAPDA GRADE STATION,BARKHAN,Middle,High,Girls,Standard,69.92429515,30.05111111,1,Found 1 High schools within 6.0km,GGHS GADAI RAKHNI,1.19,BARKHAN
GPS DIN MUHAMMAD MASTOI,JAFER ABAD,Primary,Middle,Co-Education,Standard,68.08366547,28.27396357,9,Found 9 Middle schools within 6.0km,GGMIDS NOOR MUHAMMAD NAWARH,1.32,JAFER ABAD
GPS GOTH RAHO BAZINJO,LASBELA,Primary,Middle,Co-Education,Standard,66.91052751,25.12917548,8,Found 8 Middle schools within 6.0km,GGMIDS HAJI IBRAHIM SHEIKH,3.94,LASBELA
GPS  KHARSHING,ZIARAT,Primary,Middle,Girls,Standard,68.48126559,30.24306748,2,Found 2 Middle schools within 6.0km,GGMIDS BAGAWO,1.55,ZIARAT
GBPS RANGPUR BULAIDI TEHISL TAMBOO,NASEER ABAD,Primary,Middle,Boys,Standard,68.09047435,28.37561431,14,Found 14 Middle schools within 6.0km,GBMIDS WADERA SHAKAR KHAN,1.73,NASEER ABAD
GGMIDS KIAZAI FEROZABAD,KHUZDAR,Middle,High,Girls,Standard,66.54213951,27.77509133,1,Found 1 High schools within 6.0km,GBHS GUNGO FEROZABAD,2.57,KHUZDAR
GGMIDS CHAD SHER ALI,SURAB,Middle,High,Girls,Standard,66.11935196,28.32368472,1,Found 1 High schools within 6.0km,GGHS HATHYARI GIDDAR,2.24,SURAB