S.no,BemisCode,District,Tehsil,UC,SchoolName,gps_Point,_xCord,_yCord
01,45001,Awaran,Awaran,Gishkore,Sheer jan Bazaar Haikhan,26.2643115 64.6733972,26.2643115,64.6733972
02,45002,Awaran,Awaran,Gishkore,Gohram Joe,26.1967973 64.8649308,26.1967973,64.8649308
03,45003,Awaran,Awaran,Gishkore,Imam Bakhsh Bazaar Keenachi,26.1773037 64.8306105,26.1773037,64.8306105
04,45004,Awaran,Awaran,Gishkore,Sari Bani,26.2142117 64.9097661,26.2142117,64.9097661
05,45005,Awaran,Awaran,Gishkore,Chota Bazaar,26.1773434 64.802211,26.1773434,64.802211
06,45006,Awaran,Awaran,Gishkore,Saleh Bazaar Keenachi,26.1473376 64.7846753,26.1473376,64.7846753
07,45007,Awaran,Awaran,Gishkore,Murghi Ziarth ,26.0858741 64.7369376,26.0858741,64.7369376
08,45008,Awaran,Awaran,Gishkore,Mohammad Bazaar Keenachi,26.1590486 64.7900279,26.1590486,64.7900279
09,45009,Awaran,Awaran,Gishkore,Dost Moammad Bazaar,26.25787 64.7506352,26.25787,64.7506352
10,45010,Awaran,Awaran,Gishkore,Murad Mohammad Bazaar Hore,26.2204625 64.6210453,26.2204625,64.6210453
11,45011,Awaran,Awaran,Teertage,Kalath e Bun Reegathi,26.3524413 65.045865,26.3524413,65.045865
12,45012,Awaran,Awaran,Teertage,Candan e dhan,26.4228008 65.1328819,26.4228008,65.1328819
13,45013,Awaran,Awaran,Teertage,Dehwar,26.3116474 65.0332617,26.3116474,65.0332617
14,45014,Awaran,Awaran,Awaran,Mohd Kareem bazar Zoomdan/Mandi Parag,26.5138245 65.3202111,26.5138245,65.3202111
15,45015,Awaran,Awaran,Gishkore,Sorag ,26.2838294 64.7996316,26.2838294,64.7996316
16,45016,Awaran,Awaran,Teertage,Kulli No 2,26.3003897 65.0224701,26.3003897,65.0224701
17,45017,Awaran,Awaran,Gishkore,Gorestani,26.2725131 64.9188362,26.2725131,64.9188362
18,45018,Awaran,Awaran,Gishkore,Karki Gishkore,26.1057368 64.6973883,26.1057368,64.6973883
19,45019,Awaran,Awaran,Gishkore,Sawali Bazaar Gishkore/Raza Mohammad Bazar,26.3475019 65.1046998,26.3475019,65.1046998
20,45020,Awaran,Awaran,Gishkore,Kuch,26.2665967 64.7458977,26.2665967,64.7458977
21,45724,Awaran,Awaran,Gishkor,Muhammad Noor Bazar,26.2177722 64.5024815,26.2177722,64.5024815
22,45021,Barkhan,Barkhan,Chor cot,Lohma Muhammad Khan ,29.9176314 69.6228642,29.9176314,69.6228642
23,45022,Barkhan,Barkhan,Chor cot,Basti Qadir Kundra,30.0262328 69.7598263,30.0262328,69.7598263
24,45023,Barkhan,Barkhan,Eshani,Basti Ghulam Qadar,30.1085551 69.7715697,30.1085551,69.7715697
25,45024,Barkhan,Barkhan,Eshani,Basti Gul Khan Mara,30.0435076 69.7722951,30.0435076,69.7722951
26,45025,Barkhan,Barkhan,Eshani,Basti Kaimani,30.0739713 69.8292104,30.0739713,69.8292104
27,45027,Barkhan,Barkhan,Nahar Kot ,Basti Bahodra,29.8016394 69.4686674,29.8016394,69.4686674
28,45028,Barkhan,Barkhan,Nahar Kot ,Basti Singali,29.7118287 69.3969,29.7118287,69.3969
29,45029,Barkhan,Barkhan,Nahar Kot ,Basti Look Jothal,29.7503468 69.4053961,29.7503468,69.4053961
30,45030,Barkhan,Barkhan,Nahar Kot ,Basti Ahmed Nala,29.722414 69.5030198,29.722414,69.5030198
31,45031,Barkhan,Barkhan,Rakni ,Basti Karam Khan Zadeen,30.0341844 69.8852711,30.0341844,69.8852711
32,45032,Barkhan,Barkhan,Rakni ,Basti Kandily,30.1426607 69.8692238,30.1426607,69.8692238
33,45033,Barkhan,Barkhan,Rakni ,Dargai Muhamamd,30.211957 69.9410132,30.211957,69.9410132
34,45034,Barkhan,Barkhan,Rakni ,Basti Raba Raje,30.2143613 69.98138,30.2143613,69.98138
35,45687,Barkhan,Barkhan,Vitakri,Basti Kawani Nawazabad,29.7265374 69.2244876,29.7265374,69.2244876
36,45688,Barkhan,Barkhan,Vitakri,Basti Malak Gulzar,29.8210431 69.2873971,29.8210431,69.2873971
37,45689,Barkhan,Barkhan,Vitakri,Basti Hotiani Mari,29.6330327 69.2894994,29.6330327,69.2894994
38,45690,Barkhan,Barkhan,Narkoht,Basti Muhammad Sadiq Kakor Raiko,29.692567 69.4230347,29.692567,69.4230347
39,45722,Barkhan,Barkhan,,Killi Muarad Ali,29.6678326 69.392585,29.6678326,69.392585
40,45035,Bolan,Bhag,Mohram,Bhand Gulsher/New Manjoo,28.8481759 67.9212987,28.8481759,67.9212987
41,45036,Bolan,Bhag,jalal khan,Sathiyanni/Bhair Gari,28.9975418 67.9347067,28.9975418,67.9347067
42,45037,Bolan,Bhag,jalal khan,M Bux Gola,29.0631838 67.679963,29.0631838,67.679963
43,45038,Bolan,Bhag,jalal khan,Lashkar Abad,28.9689037 67.7335223,28.9689037,67.7335223
44,45039,Bolan,Bhag,Mohram,Arbani Sharki,28.8083798 67.8955476,28.8083798,67.8955476
45,45040,Bolan,Bhag,Mohram,Takri Arbab,28.8120013 67.8723091,28.8120013,67.8723091
46,45041,Bolan,Bhag,Mohram,Marro Pur,28.6685525 67.8197821,28.6685525,67.8197821
47,45042,Bolan,Bhag,Mohram,Kot Ghulam Ali,28.9183671 67.743792,28.9183671,67.743792
48,45043,Bolan,Bhag,Mohram,Abdul Nabi Dharpali,28.5570246 67.9061398,28.5570246,67.9061398
49,45045,Bolan,Dader,Ghazi,Goth Noor Muhammad,29.1893843 67.8178539,29.1893843,67.8178539
50,45046,Bolan,Bhag,Mohram,Jafferababad,28.9473757 67.7472392,28.9473757,67.7472392
51,45047,Bolan,Bhag,jalal khan,Shaffee Mohammad/Zull faqar Abad,,,
52,45048,Bolan,Bhag,Noshera,Gul Jan,29.0992263 67.768565,29.0992263,67.768565
53,45049,Bolan,Bhag,Noshera,Gambat,29.1342824 67.9160401,29.1342824,67.9160401
54,45050,Bolan,Bhag,Noshera,Babar Dodoi,29.1242579 67.8985246,29.1242579,67.8985246
55,45051,Bolan,Dhadar,kattan,Ali Sheer Abro,29.1275794 67.754309,29.1275794,67.754309
56,45052,Bolan,Bhag,Noshera,Fatwani,29.1171973 67.8255835,29.1171973,67.8255835
57,45053,Bolan,Bhag,Noshera,Gujar,29.1084659 67.7431436,29.1084659,67.7431436
58,45054,Bolan,Dhadar,Ghazi,Chambaig Mohammad ,29.2139448 67.7803878,29.2139448,67.7803878
59,45055,Bolan,Dhadar,haji shar,Gawar Gari,29.2323833 67.9026452,29.2323833,67.9026452
60,45056,Bolan,Dhadar,Goor,Gogra Mari,29.2257244 67.7801815,29.2257244,67.7801815
61,45057,Bolan,Dhadar,Goor,Lund/Dawood Bangulzai,29.2153414 67.8945036,29.2153414,67.8945036
62,45058,Bolan,Dhadar,mashkaf,Mewa Khan,29.5032184 67.6650986,29.5032184,67.6650986
63,45059,Bolan,Dhadar,Mathri,Mal Suhriani,29.3688531 67.9891271,29.3688531,67.9891271
64,45060,Bolan,Dhadar,Mathri,Pir Bukhari,29.3768713 67.5942268,29.3768713,67.5942268
65,45061,Bolan,Dhadar,chandar,Meroo,29.1474914 67.9147869,29.1474914,67.9147869
66,45062,Bolan,Dhadar,chandar,Gamoo,29.2058913 67.8645,29.2058913,67.8645
67,45063,Bolan,Dhadar,chandar,Koti Kalhorri,29.1464297 67.9513791,29.1464297,67.9513791
68,45064,Bolan,Dhadar,chandar,Wahga Shahwani,29.2750071 67.7389036,29.2750071,67.7389036
69,45065,Bolan,Dhadar,chandar,Rasool Bukhsh Bangulzai,29.1179616 67.9105909,29.1179616,67.9105909
70,45066,Bolan,Dhadar,chandar,Muhammad Pur Raisani/Sultan Pur,28.765905 67.8851567,28.765905,67.8851567
71,45067,Bolan,Dhadar,chandar,Atur Khan,29.1872846 67.8819293,29.1872846,67.8819293
72,45068,Bolan,Mach,aabay gum,Godri,29.7005263 67.3931172,29.7005263,67.3931172
73,45069,Bolan,Mach,Mach,Gharib Abad,29.8635043 67.332274,29.8635043,67.332274
74,45070,Chaghi,Dalbandin,Chilghazi,Faqeer Dad Drajaap,28.9075909 63.8398557,28.9075909,63.8398557
75,45071,Chaghi,Dalbandin,Aamri,Abdul khaliq Nooli,28.8369937 63.7339598,28.8369937,63.7339598
76,45072,Chaghi,Dalbandin,Zyarat Balanosh,Dad Karim,29.2816829 64.5400576,29.2816829,64.5400576
77,45073,Chaghi,Dalbandin,Zyarat Balanosh,Faqeer Muhammad hayat,29.1641662 64.4939626,29.1641662,64.4939626
78,45074,Chaghi,Dalbandin,Zyarat Balanosh,Sayad Qadir Bakhsh,29.2854212 64.471171,29.2854212,64.471171
79,45075,Chaghi,Dalbandin,Chilghazi,Sulaiman Soran,,,
80,45076,Chaghi,Dalbandin,Chaghi,Khuda-e-Dad,29.3322055 64.6664129,29.3322055,64.6664129
81,45077,Chaghi,Dalbandin,Chilghazi,Bhai khan gazzi,28.8698317 64.3302333,28.8698317,64.3302333
82,45079,Chaghi,Dalbandin,Padag,Malik Gul Zaman,28.9728886 65.1979646,28.9728886,65.1979646
83,45080,Chaghi,Dalbandin,Padag,Safar khan bazgaz,28.8942768 64.9231904,28.8942768,64.9231904
84,45081,Chaghi,Dalbandin,Padag,Muhammad Akbar Sangari,28.9813914 65.1084153,28.9813914,65.1084153
85,45082,Chaghi,Dalbandin,Padag,Muhammad Azeem ,,,
86,45084,Chaghi,Dalbandin,Chaghi,Saeed Abad,29.3449135 64.6716226,29.3449135,64.6716226
87,45086,Chaghi,Dalbandin,Padag,Hafeez Ullah (New site),29.0862354 65.5212156,29.0862354,65.5212156
88,45087,Chaghi,Dalbandin,Chaghi,Taj Muhammad,28.905206 64.4028427,28.905206,64.4028427
89,45088,Chaghi,Dalbandin,Chaghi,Abdul Qayyum,29.1625001 64.7103262,29.1625001,64.7103262
90,45089,Chaghi,Dalbandin,Chaghi,Nok Bandag,29.1327819 64.7176077,29.1327819,64.7176077
91,45090,Chaghi,Dalbandin,Chilghazi,Sharif khan Mukuntuk,29.1212897 64.3262494,29.1212897,64.3262494
92,45091,Chaghi,Dalbandin,Chilghazi,Jumma Khan,29.0564419 64.4500976,29.0564419,64.4500976
93,45667,Chaghi,Chaghi,,Killi Naik Mohammad Amuri,30.7418528 67.5231141,30.7418528,67.5231141
94,45668,Chaghi,Chaghi,,Killi Nazar Mohammad,29.2610595 63.6612082,29.2610595,63.6612082
95,45085,Chaman,Roghani,Chaman,Fazal Hazarganji/Killi Sanzala,,#VALUE!,#VALUE!
96,45265,Chaman,Chaman,Chaman,Killi Haji Akhtar Muhammad,30.9315361 66.4166057,30.9315361,66.4166057
97,45266,Chaman,Chaman,Roghani,Killi Haji Abdul Wali,30.9057313 66.4092794,30.9057313,66.4092794
98,45267,Chaman,Old Chaman,Chaman,Killi Walizai Abad,30.8793316 66.4914915,30.8793316,66.4914915
99,45275,Chaman,Abdullah Khan,Zara Band,Killi Ali Sher Bermzai,30.7852072 66.6605635,30.7852072,66.6605635
100,45291,Chaman,Chaman,Sefa town,Killi Asad Abad,30.8904633 66.4529769,30.8904633,66.4529769
101,45292,Chaman,Chaman,Roghani,Killi Gulam Sarwar,30.8872491 66.4405069,30.8872491,66.4405069
102,45652,Chaman,Abdullah Khan,Zara Band,Killi Gran M Khwajazai,30.7469858 66.6426834,30.7469858,66.6426834
103,45655,Chaman,Abdullah Khan,Zara Band,Killi Muhammad Ali Zarha Band,30.7623769 66.6539535,30.7623769,66.6539535
104,45657,Chaman,Bostan,Karaas,Killi Abdul Bari,30.7764254 66.4580809,30.7764254,66.4580809
105,45659,Chaman,Chaman,Pinakai,Killi Fazel M Pinaki,31.2072292 67.1153636,31.2072292,67.1153636
106,45660,Chaman,Chaman,Sarki Tileri,Killi Haji Lal Muhamad,30.9440797 66.5036465,30.9440797,66.5036465
107,45662,Chaman,Old Chaman,Old chaman,Killi Haji Muhammad Zai,30.8742894 66.5201481,30.8742894,66.5201481
108,45092,Dera Bugti,dera bugti,Dear Bugti,Killi Faiz Muhammad,,,
109,45093,Dera Bugti,Dear Bugti,zain kah,Haji Hangoo Khan,,,
110,45094,Dera Bugti,Sui,Sui,Killi Yadghar,28.6248043 69.1787676,28.6248043,69.1787676
111,45095,Dera Bugti,Sui,Sui,Killi Sangat,,,
112,45096,Dera Bugti,Sui,Gandoi,Killi Tanganwani,28.7367371 69.2525411,28.7367371,69.2525411
113,45098,Dera Bugti,Sui,Sui,Dinari Colony,28.6232235 69.1830852,28.6232235,69.1830852
114,45099,Dera Bugti,Sui,Gandoi,Killi Essa Khan,,,
115,45101,Dera Bugti,Sui,Gandoi,Killi Pazhool,,,
116,45388,Duki,Duki,Nana Sahib Thall,Killi Mullla Amir Muhammad,29.994432 69.0519646,29.994432,69.0519646
117,45389,Duki,Duki,Hosri,Killi Sahibzadagan,30.0417475 69.1530786,30.0417475,69.1530786
118,45390,Duki,Duki,Hosri,Killi Warezai,30.02039 69.1459976,30.02039,69.1459976
119,45391,Duki,Duki,Tahal Duki,Killi Malak Qasam Rabat,30.2181806 68.5593612,30.2181806,68.5593612
120,45392,Duki,Duki,luni,Killi Umar babogan,30.0553111 68.9905361,30.0553111,68.9905361
121,45393,Duki,Duki,Nana Sahib Thall,Khwaj Muhammad ,30.0076093 68.8477241,30.0076093,68.8477241
122,45394,Duki,Duki,Nana Sahib Thall,Nasai abad Nana sahib,30.0516362 68.900918,30.0516362,68.900918
123,45395,Duki,Duki,Yaro Shar,Malak Aslam Shadozai,30.0324286 68.684384,30.0324286,68.684384
124,45396,Duki,Duki,Yaro Shar,Jalar Kalla,30.029995 68.5938047,30.029995,68.5938047
125,45397,Duki,Duki,Mala Shao,Killi Manrki Hassan khan,30.2227378 69.0050266,30.2227378,69.0050266
126,45683,Duki,Duki,,Hilmand Abad,30.1435481 68.5215545,30.1435481,68.5215545
127,45684,Duki,Duki,,Akbar kamal khail zalar,30.0385721 68.564559,30.0385721,68.564559
128,45728,Duki,Talao,Talao,Killi Tallao Daman,30.3123662 69.2307148,30.3123662,69.2307148
129,45102,Gawadar,Gwadar,Pishkan,Wadh Saiji,25.4250238 62.066594,25.4250238,62.066594
130,45103,Gawadar,Pasni,Kallag,Johi,25.4626504 63.1120421,25.4626504,63.1120421
131,45104,Gawadar,Pasni,Kallag,Chatti,25.4904405 63.3024104,25.4904405,63.3024104
132,45105,Gawadar,Pasni,Kallag,Sindh Bazar,25.4591523 63.2285779,25.4591523,63.2285779
133,45106,Gawadar,Pasni,Kallag,Jami Bazar Sanadi,25.3871568 63.7935071,25.3871568,63.7935071
134,45107,Gawadar,Pasni,Nalaint,Kittagi,25.4170758 62.7668763,25.4170758,62.7668763
135,45108,Gawadar,Pasni,Kallag,Junz,25.4496133 63.15363,25.4496133,63.15363
136,45109,Gawadar,Pasni,Kallag,Salach,25.3538469 63.4363367,25.3538469,63.4363367
137,45110,Gawadar,Pasni,Nalaint,Chukain,25.3516321 62.9120791,25.3516321,62.9120791
138,45111,Gawadar,Pasni,Nalaint,Hotag ,25.3532102 63.0768956,25.3532102,63.0768956
139,45112,Gawadar,Pasni,Nalaint,Bezanjo Bazar,25.4324122 62.7865512,25.4324122,62.7865512
140,45635,Harnai,Harnai,Nakus,Killi Akhtari Bangla,30.1898871 67.8859251,30.1898871,67.8859251
141,45637,Harnai,Sharigh,Khost,sara kala/Imran Zai,30.2066783 67.698825,30.2066783,67.698825
142,45638,Harnai,Sharigh,Khost,Killi Sor Dabak ,30.2797778 67.5206231,30.2797778,67.5206231
143,45640,Harnai,Harnai,Saddar,Killi Spanda Harnai,30.0592627 67.971406,30.0592627,67.971406
144,45641,Harnai,Sharigh,Sharighg ,Killi Mangal Abad,30.2004251 67.6695204,30.2004251,67.6695204
145,45642,Harnai,Sharigh,Sharighg ,Killi Muhammad Gull,30.1877044 67.6896851,30.1877044,67.6896851
146,45643,Harnai,Sharigh,Sharighg ,Killi Sheikh Musa Baba,30.2204194 67.7031076,30.2204194,67.7031076
147,45644,Harnai,Harnai,Spin tangei,Killi Dobandai,29.9192258 68.0821232,29.9192258,68.0821232
148,45645,Harnai,Harnai,Spin tangei,Killi sunnari ,30.0257534 68.0446932,30.0257534,68.0446932
149,45647,Harnai,Harnai,Spin tangei,CS Workshop Colony,30.1582899 67.7203833,30.1582899,67.7203833
150,45648,Harnai,Harnai,Spin tangei,Killi Khawai Zahoor,30.0201988 68.0583919,30.0201988,68.0583919
151,45649,Harnai,Harnai,Nakus,Killi Waham Tangai,30.2354481 67.9011918,30.2354481,67.9011918
152,45650,Harnai,Harnai,Spin tangei,Killi Shin kach,,,
153,45669,Harnai,Sharag,,Killi Shah Mardan,30.1899609 67.6407307,30.1899609,67.6407307
154,45352,Hub,Hub,Bela,Goth Siddique/Al khalid Town,26.2887 66.2551,26.2887,66.2551
155,45078,Jaffarabad,Jhat Pat,Dear Allah yar,Madrassa Farooqia,,,
156,45115,Jaffarabad,Band Manik,Jhat Pat,Mir Hassan Lahri,28.3525191 68.3186986,28.3525191,68.3186986
157,45116,Jaffarabad,Jhat Pat,Challgari,Wasam Khan Challgari,28.364539 68.1138579,28.364539,68.1138579
158,45117,Jaffarabad,Jhat Pat,Challgari,Chaker Khan Zahri,28.3199695 68.114326,28.3199695,68.114326
159,45118,Jaffarabad,Jhat Pat,Hafeezabad,Shah Murad Zahri,28.4015314 68.2134797,28.4015314,68.2134797
160,45119,Jaffarabad,Naseerabad,Jhat Pat,Ali Gul Qalandrani,28.4493984 68.3336704,28.4493984,68.3336704
161,45121,Jaffarabad,Naseerabad,Jhat Pat,Mohboob Muhammad HASSANI,28.4441803 68.3216322,28.4441803,68.3216322
162,45122,Jaffarabad,Ramzaypur,Jhat Pat,Qaiser Khan Higwani,28.4016659 68.2974279,28.4016659,68.2974279
163,45123,Jaffarabad,Ramzaypur,Jhat Pat,Shakal Khan Talani,28.3947689 68.3525842,28.3947689,68.3525842
164,45124,Jaffarabad,Jhat Pat,Ramzaypur,Muhammad Yousif Rind,28.385457 68.2473472,28.385457,68.2473472
165,45125,Jaffarabad,Jhat Pat,Ramzaypur,Juma Khan Khosa,28.389873 68.2637518,28.389873,68.2637518
166,45126,Jaffarabad,Jhat Pat,Samoo,Mir Muhammad Rind / Juma Khan Zehri,28.410872 68.2164413,28.410872,68.2164413
167,45127,Jaffarabad,Jhat Pat,Samoo,Dili Jan Jamali,28.3611877 68.1901583,28.3611877,68.1901583
168,45128,Jaffarabad,Jhat Pat,Sorah,Ali Hyder Challgari,28.2700417 68.1496396,28.2700417,68.1496396
169,45129,Jaffarabad,Jhat Pat,Jat Grah,Jani Marri,28.3657052 68.2330319,28.3657052,68.2330319
170,45130,Jaffarabad,Jhat Pat,Challgari,Mehboobabad,28.3783026 68.1202736,28.3783026,68.1202736
171,45131,Jaffarabad,Challgari,Jhat Pat,Ghulam Mustafa Lashari,28.371158 68.1327254,28.371158,68.1327254
172,45693,Jaffarabad,Jat Pat,Ramzay pur,Goth Muhammad Amin Jahalrani,28.4379501 68.2257481,28.4379501,68.2257481
173,45138,Jhal Magsi,Gandawah,Barija,Geloo Ahmed Khan,28.7303761 67.4189566,28.7303761,67.4189566
174,45139,Jhal Magsi,Gandawah,Gandawah,Lal Mohammad Lashari,28.6584124 67.5254102,28.6584124,67.5254102
175,45140,Jhal Magsi,Jhal Magsi,Barija,Misri Khan,28.5790897 67.4316413,28.5790897,67.4316413
176,45141,Jhal Magsi,Gandawah,Pir Pur,Pat Kalara/ Jaan Mohd,28.1608352 67.5985999,28.1608352,67.5985999
177,45142,Jhal Magsi,Gandawah,Barija,Bad Ram Toina,28.1232697 67.5135338,28.1232697,67.5135338
178,45143,Jhal Magsi,Gandawah,Hatyari,Mohd Umar Magsi,28.1796792 67.6188889,28.1796792,67.6188889
179,45144,Jhal Magsi,Gandawah,Patri,Safil Khan Tonia/Goth Muhammad Anwar Somro,28.1227954 67.5105509,28.1227954,67.5105509
180,45145,Jhal Magsi,Jhal Magsi,Jhal Magsi,Abdul Rehman Dharkani,28.1974579 67.6038555,28.1974579,67.6038555
181,45146,Jhal Magsi,Gandawah,Gandawah,Adam Khan Magsi,28.1609295 67.6069955,28.1609295,67.6069955
182,45147,Jhal Magsi,Jhal Magsi,Jhal Magsi,Dhani Bux Mengal,28.5827533 67.5707409,28.5827533,67.5707409
183,45148,Jhal Magsi,Gandawa,Fathe Pur,Juma Khan Lahshari,28.5479305 67.3794329,28.5479305,67.3794329
184,45149,Jhal Magsi,Jhal Magsi,Barija,Mubarak Reheja,28.3009167 67.5800997,28.3009167,67.5800997
185,45150,Jhal Magsi,Gandawah,Barija,Ghoght Bakhar,28.2416796 67.3698279,28.2416796,67.3698279
186,45151,Jhal Magsi,Gandawah,Gandawah,Dhani Bux Magsi,28.2396144 67.4700894,28.2396144,67.4700894
187,45152,Jhal Magsi,Jhal Magsi,Jhal Magsi,Hasil Khan,28.063856 67.6191894,28.063856,67.6191894
188,45153,Jhal Magsi,Gandawah,khari,Mohd Pahna Dotiya,28.0786707 67.6317083,28.0786707,67.6317083
189,45154,Jhal Magsi,Jhal Magsi,Jhal Magsi,Abdul Karim Mughemani,28.0785352 67.6316247,28.0785352,67.6316247
190,45155,Jhal Magsi,Jhal Magsi,Panjuck,Hazar Khan,28.2993373 67.4537734,28.2993373,67.4537734
191,45156,Jhal Magsi,Jhal Magsi,Kot Magsi,Saidali,28.4956866 67.4537123,28.4956866,67.4537123
192,45157,Jhal Magsi,Jhal Magsi,Barija,Tambela,28.5253647 67.4508056,28.5253647,67.4508056
193,45158,Jhal Magsi,Jhal Magsi,Jhal Magsi,Khair Mohammad Kochha,28.2615595 67.4946096,28.2615595,67.4946096
194,45159,Kalat,Kalat,Chapar,Killi Allah Bux,29.1724711 66.4975469,29.1724711,66.4975469
195,45160,Kalat,kallat,Nimarg,Killi Omalo,29.175389 66.1899386,29.175389,66.1899386
196,45162,Kalat,Kalat,Chapar,Killi Kher Abad,29.1538949 66.5308292,29.1538949,66.5308292
197,45167,Kech ,Blueda,Alandoor,Gradank Hassan bazar,26.2549355 62.9269467,26.2549355,62.9269467
198,45168,Kech ,Blueda,Alandoor,Ali Gohram Bazar ,26.266249 62.8593811,26.266249,62.8593811
199,45169,Kech ,Blueda,Alandoor,Dambuk,26.2462056 63.0242536,26.2462056,63.0242536
200,45170,Kech ,Blueda,Bit,Shantalo,26.2583583 63.3181098,26.2583583,63.3181098
201,45171,Kech ,Blueda,Mehnaz,Raiko Master Mohd Hassan Bazar,26.2675198 63.090723,26.2675198,63.090723
202,45172,Kech ,Dasht,Kuddan,Karkak M Essa Bazar,25.7726599 62.423069,25.7726599,62.423069
203,45173,Kech ,Dasht,Zarin Big,Ghafoor Bazar Bagdir,25.7298882 62.0996307,25.7298882,62.0996307
204,45174,Kech ,Turbat,Baloor,Qaader Dad ,26.0136755 64.3139301,26.0136755,64.3139301
205,45175,Kech ,Turbat ,Baloor,Umeed Ali Bazar ,26.0265668 64.3895153,26.0265668,64.3895153
206,45176,Kech ,Turbat ,Dandar ,Umer Honak ,26.0740887 64.1955885,26.0740887,64.1955885
207,45177,Kech ,Turbat ,Dandar ,Murd Bazar ,26.1569702 64.4423987,26.1569702,64.4423987
208,45178,Kech ,Turbat ,Dandar ,Selah Mohd Bazar ,26.1394219 64.4230101,26.1394219,64.4230101
209,45179,Kech ,Turbat,Hoshab ,Sind Bazar Hoshab,26.017865 63.8995685,26.017865,63.8995685
210,45180,Kech ,Turbat ,Hoshab ,Be-Aap Balgather ,26.2606122 63.8193313,26.2606122,63.8193313
211,45181,Kech ,Turbat,Hoshab ,Dar-e-Kand,26.1622593 63.9938533,26.1622593,63.9938533
212,45182,kech ,Turbat ,Hoshab ,Khoori Abdullah Bazar ,26.0636497 63.8626059,26.0636497,63.8626059
213,45183,Kech ,Turbat,Hoshab ,Dam-e-Kalat ,26.1674804 63.8789774,26.1674804,63.8789774
214,45184,Kharan,Kharan,North City,Rehman Abad ,28.5578865 65.4246927,28.5578865,65.4246927
215,45185,Kharan,Kharan,Raskoh,Dot Nagut,28.6926556 65.5116656,28.6926556,65.5116656
216,45186,Kharan,Kharan,Jamak,killi khuasti khan,28.3776529 65.3052578,28.3776529,65.3052578
217,45187,Kharan,Kharan,Raskoh,koyhab,28.6611755 65.167469,28.6611755,65.167469
218,45188,Kharan,Kharan,Raskoh,Sufaid Degari,28.9449115 65.5012382,28.9449115,65.5012382
219,45189,Kharan,Kharan,Joda e Kalat,Noroz Khan Girdena(Sultan Mohammad Channal),28.909266 65.6236766,28.909266,65.6236766
220,45190,Kharan,Kharan,Sarawan,Danu Kanian,28.6259707 65.5589224,28.6259707,65.5589224
221,45191,Kharan,Kharan,Sarawan,Topian,28.625493 65.5593632,28.625493,65.5593632
222,45192,Kharan,Kharan,Sarawan,Allah Abad Azad Gaz,28.7241689 65.5587552,28.7241689,65.5587552
223,45193,Kharan,Kharan,South City,Syed Abdul  Khalique,28.5356117 65.3991124,28.5356117,65.3991124
224,45194,Kharan,Kharan,Tohmulk,Abdul Salam Tohmulk,28.5562893 65.2229849,28.5562893,65.2229849
225,45195,Kharan,Kharan,Tohmulk,Bahadurzai,28.6082873 65.2785641,28.6082873,65.2785641
226,45196,Kharan,Kharan,Tohmulk,Jalalzi,28.6138516 65.2876765,28.6138516,65.2876765
227,45197,Kharan,kharan,Tohmulk,Noor Mohammad Chadh,28.5238333 65.2311812,28.5238333,65.2311812
228,45198,Kharan,Kharan,Tohmulk,Shah Dost Bedi,28.554032 65.1828331,28.554032,65.1828331
229,45199,Kharan,kharan,Joda e Kalat,Tagap,28.6123583 65.26047,28.6123583,65.26047
230,45200,Kharan,kharan,Joda e Kalat,Khan Mohammad Kandora,28.4467649 65.5333632,28.4467649,65.5333632
231,45201,Kharan,kharan,Jamak,Nazarzi/Allah Abad Jangal,28.5748511 65.0871176,28.5748511,65.0871176
232,45202,Kharan,kharan,Jamak,Faqeer Mohammad Hurro,28.5046176 65.4636465,28.5046176,65.4636465
233,45203,Kharan,kharan,Joda e Kalat,Haji Fazal M Karez(Naroo),28.6124688 65.4152412,28.6124688,65.4152412
234,45204,Kharan,Kharan,Jamak,Jamak,28.4875224 65.3328467,28.4875224,65.3328467
235,45205,Kharan,Kharan,Jamak,Zorabad,28.4671453 65.3031986,28.4671453,65.3031986
236,45206,Kharan,Kharan,Jamak,Mohammad Hasan Baddo,28.4878518 65.3328685,28.4878518,65.3328685
237,45207,Kharan,kharan,Joda e Kalat,Narrunki Kubdani,28.4025704 65.4531856,28.4025704,65.4531856
238,45208,Kharan,kharan,Jamak,Sasoli,28.4117003 65.4282409,28.4117003,65.4282409
239,45209,Kharan,kharan,Joda e Kalat,Patesar Malangzi,28.3906953 65.495755,28.3906953,65.495755
240,45211,Kharan,Kharan,North City,Barkat Abad/Shey Tagap,28.5867612 65.4082584,28.5867612,65.4082584
241,45212,Kharan,Kharan,Sarawan,Garbaj,28.7858059 65.5828931,28.7858059,65.5828931
242,45574,Kharan,Sar kharan,,Kareemabad/Haddoo,28.5543778 65.4104019,28.5543778,65.4104019
243,45651,Kharan,kharan,Joda e Kalat,Danno,28.4196837 65.5039441,28.4196837,65.5039441
244,45213,Khuzdar,baghbana,baghbana,Killi Rej,27.8313482 66.6147767,27.8313482,66.6147767
245,45214,Khuzdar,baghbana,totak,Killi Karodi Bathar,27.8958305 66.2048563,27.8958305,66.2048563
246,45216,Khuzdar,baghbana,parko,Killi Khuda Bux,27.8813787 66.1750528,27.8813787,66.1750528
247,45220,Khuzdar,baghbana,noghe,Killi Dar Ul Hudda,28.0236351 66.4412499,28.0236351,66.4412499
248,45221,Khuzdar,baghbana,kapar,Killi Bhit Kappar,27.831275 66.614711,27.831275,66.614711
249,45222,Khuzdar,baghbana,baghbana,Killi Bajuri Kalan,27.8313869 66.6147325,27.8313869,66.6147325
250,45224,Khuzdar,baghbana,totak,Killi Imam Bux Juri,27.9793639 66.3170837,27.9793639,66.3170837
251,45225,Khuzdar,zidi,zidi,Killi Sheikh Shar Zeedi,27.6939632 66.8365062,27.6939632,66.8365062
252,45226,Khuzdar,Zeedi,Zeedi,Killi Zeedi Maro,27.5914758 66.4673665,27.5914758,66.4673665
253,45239,Khuzdar,ornach,ornach,Killi Reko Ornach,26.9666951 66.1260271,26.9666951,66.1260271
254,45240,Khuzdar,ornach,ornach,Killi Shori Ornach,27.0219293 66.1582085,27.0219293,66.1582085
255,45249,Khuzdar,baghbana,parko,Killi tahir Abad / Gunko,27.8313444 66.6147632,27.8313444,66.6147632
256,45250,Khuzdar,wadh,wadh,Killi Khalifa Mehmood,27.8313046 66.6147397,27.8313046,66.6147397
257,45251,Khuzdar,Zeedi,Zeedi,Killi Rastari ,27.7241095 66.8280607,27.7241095,66.8280607
258,45252,Khuzdar,wadh,lop,Killi Hammal Khan,27.8312852 66.6147482,27.8312852,66.6147482
259,45253,Khuzdar,wadh,wadh,Killi Khameesa bhando,27.8314127 66.6148327,27.8314127,66.6148327
260,45254,Khuzdar,wadh,wadh,Killi Ghaus Bux Gurgunari,27.8312509 66.6146833,27.8312509,66.6146833
261,45255,Khuzdar,wadh,tuk,Killi Noke Joo,27.8313494 66.6148507,27.8313494,66.6148507
262,45256,Khuzdar,wadh,wadh,Killi Satlimar,27.8313414 66.6147112,27.8313414,66.6147112
263,45257,Khuzdar,wadh,wadh,Killi Nabi Bux Lehri,27.8312971 66.6146556,27.8312971,66.6146556
264,45258,Khuzdar,wadh,wehr,Killi A Ghafoor Khurmi ,27.8313074 66.6146969,27.8313074,66.6146969
265,45259,Khuzdar,wadh,wadh,Killi Maula Bux,27.4364031 66.4024135,27.4364031,66.4024135
266,45260,Khuzdar,zehri,zehri,Killi Malguzar ,27.8313429 66.6147744,27.8313429,66.6147744
267,45261,Khuzdar,zehri,zehri,Killi Nachari ,27.8313857 66.6148472,27.8313857,66.6148472
268,45721,Khuzdar,Wadh,Ornach,Akearo Kabbari,26.7076836 66.2746885,26.7076836,66.2746885
269,45725,Khuzdar,Wadh,Akero Ornach,Killi Takari Hamza,26.7164913 66.2997534,26.7164913,66.2997534
270,45215,Khuzdar ,khuzdar,parko,Killi Jafarabad Pipli,27.7976828 66.611548,27.7976828,66.611548
271,45217,Khuzdar ,khuzdar,parko,Killi A Ghani Bunap,27.9354325 66.2782129,27.9354325,66.2782129
272,45218,Khuzdar ,khuzdar,parko,Killi Mohammad Kita,27.908486 66.3042714,27.908486,66.3042714
273,45219,Khuzdar ,khuzdar,parko,Killi Chuta Wal ,27.907203 66.2621345,27.907203,66.2621345
274,45227,Khuzdar ,Nall,darneli,Killi Kocha Pat,27.7750908 66.2994179,27.7750908,66.2994179
275,45228,Khuzdar ,Nall,darneli,Killi Patkari,27.8310203 66.596431,27.8310203,66.596431
276,45229,Khuzdar ,Nall,darneli,Killi Zaraghon,27.9353551 66.2783656,27.9353551,66.2783656
277,45230,Khuzdar ,Nall,guni geresha,Killi Podag Mazardan,27.5040773 65.8775895,27.5040773,65.8775895
278,45231,Khuzdar ,Nall,sarej , Killi Abdul sattar,27.935364 66.2783371,27.935364,66.2783371
279,45232,Khuzdar ,Nall,sarej ,Killi Babli ,27.6274176 66.0091819,27.6274176,66.0091819
280,45233,Khuzdar ,Nall,sarej ,Killi Henaro,27.680186 66.0393027,27.680186,66.0393027
281,45234,Khuzdar ,Nall,sarej ,Killi Gorast,27.6895606 66.0172133,27.6895606,66.0172133
282,45235,Khuzdar ,Nall,nall,Killi Soormago,27.6670638 66.2128774,27.6670638,66.2128774
283,45236,Khuzdar ,Nall,guni geresha,Killi Naseeb Abad,27.5896737 66.1904886,27.5896737,66.1904886
284,45237,Khuzdar ,Nall,hazar ganji,Killi Kunj,27.5323592 66.1436618,27.5323592,66.1436618
285,45238,Khuzdar ,Nall,hazar ganji,Killi Garok Dot,27.4172437 66.1505077,27.4172437,66.1505077
286,45241,Khuzdar ,Nall,nall,Killi Rababad,27.9353475 66.2783513,27.9353475,66.2783513
287,45242,Khuzdar ,Nall,nall,Killi Karko,27.6978372 66.1389887,27.6978372,66.1389887
288,45243,Khuzdar ,Nall,guni geresha,Sultak,27.4466061 65.9124216,27.4466061,65.9124216
289,45244,Khuzdar ,Nall,hazar ganji,Killi Pogi,27.6714873 65.9954413,27.6714873,65.9954413
290,45245,Khuzdar ,Nall,sarej ,Killi Teghab,27.6964253 66.079476,27.6964253,66.079476
291,45246,Khuzdar ,Nall,nall,Killi Khaliq Abad,27.7977025 66.6115871,27.7977025,66.6115871
292,45247,Khuzdar ,Nall,sarej ,Killi Tapko,27.6270961 65.9653541,27.6270961,65.9653541
293,45248,Khuzdar ,Nall,nall,Killi Rahim Abad,27.9353684 66.2784098,27.9353684,66.2784098
294,45263,Killa Abdullah,Dobandi,Jilga,Killi Haji Tahir Khan,31.1109136 67.0165862,31.1109136,67.0165862
295,45264,Killa Abdullah,Dobandi,Jilga,Killi Haji Fiz Muhammad,31.1346326 66.8219585,31.1346326,66.8219585
296,45268,Killa Abdullah,Dobandi,Jilga,Killi Bismillah,31.0793902 66.7654578,31.0793902,66.7654578
297,45269,Killa Abdullah,Abdullah Khan,avddurehmanai,Killi Abdul Rahmanzai,30.6056725 66.6369586,30.6056725,66.6369586
298,45270,Killa Abdullah,Abdullah Khan,Habibzai,Killi Zam Habibzai,30.6531638 66.654248,30.6531638,66.654248
299,45272,Killa Abdullah,Abdullah Khan,Habibzai,New Killi Haji Rehmat Habibzai,30.6771594 66.657055,30.6771594,66.657055
300,45273,Killa Abdullah,Abdullah Khan,Gulistan ,Killi M Karim Khurgai,30.6113694 66.4862336,30.6113694,66.4862336
301,45274,Killa Abdullah,Abdullah Khan,Mezai ,Killi H A Salam Masazai,30.660251 66.7017282,30.660251,66.7017282
302,45276,Killa Abdullah,Abdullah Khan,Mezai ,Killi Poplzai ,30.6105332 66.7757631,30.6105332,66.7757631
303,45277,Killa Abdullah,Abdullah Khan,Mezai ,Killi Cher Masazai,30.6815554 66.6994088,30.6815554,66.6994088
304,45279,Killa Abdullah,Abdullah Khan,piralizai,Killi Manda Gara,30.7478001 66.7447628,30.7478001,66.7447628
305,45282,Killa Abdullah,Dobandi,Jilga,killi Ragha Toba,31.1689441 67.1181705,31.1689441,67.1181705
306,45283,Killa Abdullah,Dobandi,Jilga,Killi Dr NorDin,31.1375025 66.874181,31.1375025,66.874181
307,45284,Killa Abdullah,Dobandi,Jilga,Killi KudiNazar,31.1172574 66.7958954,31.1172574,66.7958954
308,45285,Killa Abdullah,Abdullah Khan,Gulistan ,Killi Umer Darozai Noork Slamankhal,30.5589774 66.5548242,30.5589774,66.5548242
309,45286,Killa Abdullah,Gulistan,Gulistan,Killi Malezai/killi Naseebullah,30.5996982 66.6055959,30.5996982,66.6055959
310,45287,Killa Abdullah,Abdullah Khan,piralizai,Killi Slaman Khail Arambai,30.7698917 66.7325158,30.7698917,66.7325158
311,45288,Killa Abdullah,Dobandi,Jilga,Killi Abdul Raheem,31.1409259 66.8320012,31.1409259,66.8320012
312,45289,Killa Abdullah,Dobandi,Jilga,Killi Shedan,31.2590025 66.8666948,31.2590025,66.8666948
313,45290,Killa Abdullah,Dobandi,Jilga,Killi Nabidad Lashkarzaii,31.1553674 66.7515899,31.1553674,66.7515899
314,45653,Killa Abdullah,Abdullah Khan,Mezai ,Killi Niaz Muhammad Davian,30.6609587 66.7285112,30.6609587,66.7285112
315,45654,Killa Abdullah,Dobandi,Jilga,Killi Mulah Allah Muhammad,31.1162439 66.7644296,31.1162439,66.7644296
316,45658,Killa Abdullah,Dobandi,Jilga,Killi Haji Sufi Hayat,31.1150485 66.7718911,31.1150485,66.7718911
317,45661,Killa Abdullah,Dobandi,Jilga,Killi Abdul Raziq,31.2204249 66.8350844,31.2204249,66.8350844
318,45663,Killa Abdullah,Abdullah Khan,Gulistan ,Killi A Rashid Agha,30.6466695 66.6309192,30.6466695,66.6309192
319,45664,Killa Abdullah,Dobandi,Jilga,Killi Haji Shekh Muhammad,31.2443998 66.8276553,31.2443998,66.8276553
320,45665,Killa Abdullah,Abdullah Khan,Gulistan ,Killi Wali Jan Shmshuzai,30.5870314 66.6039459,30.5870314,66.6039459
321,45666,Killa Abdullah,Abdullah Khan,Gulistan ,Killi syedan/Killi Khaliq Dad Adozai,30.6288651 66.6076557,30.6288651,66.6076557
322,45671,Killa Abdullah,Toba,,Ghawand Nidazai,31.1155852 66.9571875,31.1155852,66.9571875
323,45026,Killa Saifullah,Muslim Bagh,Loi band,Amir Abad,,,
324,45293,Killa Saifullah,Killa Saifullah,Akhtaezai,Killi Khanan/Killi New Manki Koz,30.6678239 68.5348685,30.6678239,68.5348685
325,45294,Killa Saifullah,Killa Saifullah,Akhtaezai,Killi Khudai Nazar,30.6752105 68.6054065,30.6752105,68.6054065
326,45295,Killa Saifullah,Killa Saifullah,Batozai,Killi Dargi,30.8110895 68.8201933,30.8110895,68.8201933
327,45296,Killa Saifullah,Killa Saifullah,Batozai,Killi Gharagai,30.8942453 68.8027349,30.8942453,68.8027349
328,45297,Killa Saifullah,Killa Saifullah,Batozai,Killi Nali Main,30.8240377 68.842209,30.8240377,68.842209
329,45298,Killa Saifullah,Killa Saifullah,Batozai,Killi Mula Abdul Wahab ,30.9037522 69.0232589,30.9037522,69.0232589
330,45299,Killa Saifullah,Killa Saifullah,Batozai,Killi Qandil Ghara ,30.8760392 68.9451959,30.8760392,68.9451959
331,45300,Killa Saifullah,Killa Saifullah,Batozai,Killi Wazai,30.8630723 68.768007,30.8630723,68.768007
332,45301,Killa Saifullah,Killa Saifullah,Batozai,Killi Mazzakai,30.8777979 68.7125186,30.8777979,68.7125186
333,45302,Killa Saifullah,Killa Saifullah,Batozai,Killi Toor Debai Harifal,30.7891801 68.8116475,30.7891801,68.8116475
334,45303,Killa Saifullah,Killa Saifullah,Batozai,Killi Shahidaan ,30.6630723 68.85835,30.6630723,68.85835
335,45304,Killa Saifullah,Killa Saifullah,Batozai,Killi New Wazai ,30.8640098 68.7882845,30.8640098,68.7882845
336,45305,Killa Saifullah,Killa Saifullah,Batozai,Killi Dabar,30.7358915 68.8160327,30.7358915,68.8160327
337,45306,Killa Saifullah,Killa Saifullah,Sadar,Killi Zulfiqar,30.7885278 68.1551197,30.7885278,68.1551197
338,45307,Killa Saifullah,Muslim Bagh,Nissai,Killi Haji Gul Sheer,30.8359454 68.1286464,30.8359454,68.1286464
339,45308,Killa Saifullah,Killa Saifullah,Sadar,Killi Gharri Jalal,30.8454744 68.2078092,30.8454744,68.2078092
340,45309,Killa Saifullah,Muslim Bagh,Nissai,Killi Salman Kaza,30.8159024 68.160353,30.8159024,68.160353
341,45310,Killa Saifullah,Killa Saifullah,Sadar,Killi Qari Usman ,30.691208 68.3727978,30.691208,68.3727978
342,45311,Killa Saifullah,Killa Saifullah,Sadar,Killi Haji Zubair,30.7497897 68.2496255,30.7497897,68.2496255
343,45312,Killa Saifullah,Killa Saifullah,Sadar,Killi Qalandarah,30.8383043 68.3431422,30.8383043,68.3431422
344,45313,Killa Saifullah,Killa Saifullah,Sadar,Killi Abdul Qadoos ,30.691934 68.1082048,30.691934,68.1082048
345,45314,Killa Saifullah,Killa Saifullah,Sadar,Killi Yaqoob mirzai,30.7451617 68.2263236,30.7451617,68.2263236
346,45315,Killa Saifullah,Killa Saifullah,Sadar,Killi Sher Khan,30.7762402 68.2898892,30.7762402,68.2898892
347,45316,Killa Saifullah,Killa Saifullah,Sadar,Killi Jangle ,30.7855745 68.2100109,30.7855745,68.2100109
348,45317,Killa Saifullah,Killa Saifullah,Sadar,Killi Zara Shana ,30.8024921 68.416115,30.8024921,68.416115
349,45318,Killa Saifullah,Muslim Bagh,Kan ,Killi Abdul Sammad ,30.7481316 67.6312316,30.7481316,67.6312316
350,45319,Killa Saifullah,Muslim Bagh,Kanjoghai,Killi Tor Shllakh,30.8478856 67.5370503,30.8478856,67.5370503
351,45320,Killa Saifullah,Muslim Bagh,Nissai,Killi Mulvi Akhtar,30.821146 68.1397521,30.821146,68.1397521
352,45321,Killa Saifullah,Killa Saifullah,Sadar,Killi Rahimzai shagai,30.7954266 68.2368717,30.7954266,68.2368717
353,45322,Killa Saifullah,Muslim Bagh,Sadar,Killi Sur Ragha ,30.6929688 68.3541279,30.6929688,68.3541279
354,45323,Killa Saifullah,Muslim Bagh,Sadar,Killi Sra Gharra ,30.8120359 67.6179249,30.8120359,67.6179249
355,45324,Killa Saifullah,Killa Saifullah,Sadar,Killi Abdul Qadar,30.7638573 68.2819447,30.7638573,68.2819447
356,45325,Killa Saifullah,Muslim Bagh,Nissai,Killi New Nali ,30.8301476 68.0560978,30.8301476,68.0560978
357,45326,Killa Saifullah,Killa Saifullah,Sadar,Killi Abdul Aziz ,30.7575275 68.2989669,30.7575275,68.2989669
358,45327,Killa Saifullah,Killa Saifullah,Sadar,Killi Abdul Khaliq,30.7231425 68.3100836,30.7231425,68.3100836
359,45672,Killa Saifullah,Muslim Bagh,Kaan metarzai,Killi Muhammad Shafee Kakar,30.7418344 67.5230205,30.7418344,67.5230205
360,45673,Killa Saifullah,Killa Saifullah,BandatÂ Musazai,Killi Tara Musazai,30.6060708 68.3282667,30.6060708,68.3282667
361,45675,Killa Saifullah,Muslim Bagh,Margha Faqerzai,Shrin Zarra Ghez,31.0461304 67.763286,31.0461304,67.763286
362,45676,Killa Saifullah,Loi Band,Loi Band,Noor Abad wacha Kanda,31.2627201 67.7040824,31.2627201,67.7040824
363,45677,Killa Saifullah,Muslim Bagh,Murgag Faqerzai,Killi Hamaya Gar Smalan Loi Band,31.1200715 67.9364075,31.1200715,67.9364075
364,45678,Killa Saifullah,Muslim Bagh,Murgag Faqerzai,Mandokhail Kach,31.1160136 67.9957422,31.1160136,67.9957422
365,45679,Killa Saifullah,Killa Saifullah,Akhtarzai,Shah Akhtarzai,30.579803 68.5280419,30.579803,68.5280419
366,45695,Killa Saifullah,Killa Saifullah,Khasnob,Killi Muhammad Ramzan Khansob,30.804482 68.3805464,30.804482,68.3805464
367,45328,Kohlu,kaan,nissao,Lolad,29.3604326 69.2480437,29.3604326,69.2480437
368,45329,Kohlu,kaan,nissao,Basti Ghanazi,29.3442117 69.1879149,29.3442117,69.1879149
369,45330,Kohlu,Kohlu,karam khan ,Saeed Qasarni,29.8958606 69.2458472,29.8958606,69.2458472
370,45331,Kohlu,Kohlu,karam khan ,Misri Khan,29.8899907 69.0984437,29.8899907,69.0984437
371,45332,Kohlu,Kohlu,karam khan ,Ali Baig,29.8642325 69.1829251,29.8642325,69.1829251
372,45333,Kohlu,Kohlu,saddar,Nadar Khan,29.9171903 69.3236823,29.9171903,69.3236823
373,45334,Kohlu,Kohlu,saddar,Nihal Khan,29.8958814 69.2544148,29.8958814,69.2544148
374,45335,Kohlu,Kohlu,saddar,Peer Chashma,29.7979936 68.9319848,29.7979936,68.9319848
375,45336,Kohlu,Kohlu,pazza,Basti Mirza Khan,29.8724709 69.0701009,29.8724709,69.0701009
376,45337,Kohlu,Kohlu,pazza,Nihal Khan Sherani,29.7699374 69.0289968,29.7699374,69.0289968
377,45338,Kohlu,Kohlu,pazza,Faqeer Muhammad,29.8476478 68.9509329,29.8476478,68.9509329
378,45339,Kohlu,Kohlu,pazza,Hayat Khan,29.7802624 69.0752264,29.7802624,69.0752264
379,45340,Kohlu,Kohlu,saddar,New Killi Aziz Abad,29.9049958 69.2702496,29.9049958,69.2702496
380,45341,Kohlu,Kohlu,saddar,Hazarat Ali,29.9107832 69.2713988,29.9107832,69.2713988
381,45343,Kohlu,Kohlu,mehwand,Mera Khan,29.6628761 68.7549349,29.6628761,68.7549349
382,45344,Kohlu,kaan,safaid ,Naimat Pawadi,29.8222882 68.9333459,29.8222882,68.9333459
383,45345,Kohlu,Kohlu,mehwand,W Sohrab Khan,29.740778 68.8279365,29.740778,68.8279365
384,45680,Kohlu,Mehwand,,Killi Shahmir,29.4256932 69.3387747,29.4256932,69.3387747
385,45681,Kohlu,Mehwand,,Killi Nabi Bakhsh,29.3913234 69.3084366,29.3913234,69.3084366
386,45682,Kohlu,Mehwand,,Killi Haji Zaver Khan,29.3756191 69.2665908,29.3756191,69.2665908
387,45346,Lasbela,Bela,Bela,Goth Hasham Chana,26.2725469 66.2540521,26.2725469,66.2540521
388,45347,Lasbela,Bela,Kathore,Goth Taj Mohammad,26.3321917 66.2298467,26.3321917,66.2298467
389,45348,Lasbela,Bela,Bela,Juman Bandicha,26.3015493 66.2627633,26.3015493,66.2627633
390,45349,Lasbela,Bela,Bela,Goth Nar,26.2324133 66.2792083,26.2324133,66.2792083
391,45350,Lasbela,Bela,Bela,Goth Jamali,26.3166453 66.1969779,26.3166453,66.1969779
392,45351,Lasbela,Bela,Bela,Goth Ismail Ronja,26.3400176 66.2603676,26.3400176,66.2603676
393,45353,Lasbela,Bela,Bela,Goth Soodir Kundi,26.4950972 66.3550011,26.4950972,66.3550011
394,45354,Lasbela,Bela,Bela,Hakim Benth,26.5183183 66.4228317,26.5183183,66.4228317
395,45355,Lasbela,Bela,Bela,Goth A Rahim,26.2668409 66.2942371,26.2668409,66.2942371
396,45356,Lasbela,Bela,Bela,Goth Haji Ismail Baloch,26.2573212 66.3706051,26.2573212,66.3706051
397,45357,Lasbela,Bela,Bela,Goth Waja M Ali,26.2797726 66.3402551,26.2797726,66.3402551
398,45358,Lasbela,Lakhra,Hara sethar,Goth moradani/Goth jamal sheikh,25.8964214 66.3321413,25.8964214,66.3321413
399,45359,Lasbela,Bela,Bela,Goth Najeebullah,26.2739917 66.31405,26.2739917,66.31405
400,45360,Lasbela,Bela,Bela,Goth M.Aslam,26.16657 66.3939767,26.16657,66.3939767
401,45361,Lasbela,uthai,uthai,Goth Ibrahim Fakeer,25.8636667 66.6866983,25.8636667,66.6866983
402,45362,Lasbela,lakhra,lakhra,Goth Haji Haron,25.9605067 66.4488933,25.9605067,66.4488933
403,45363,Lasbela,lakhra,lakhra,Goth Soomar  Baloch,26.0959463 66.2491583,26.0959463,66.2491583
404,45364,Lasbela,lakhra,lakhra,Goth Essa zor,25.927424 66.2722382,25.927424,66.2722382
405,45365,Lasbela,lakhra,lakhra,Goth M Gador,25.8673179 66.15492,25.8673179,66.15492
406,45366,Lasbela,lakhra,lakhra,Goth Metani Gunga,25.882455 66.4775167,25.882455,66.4775167
407,45367,Lasbela,uthal,uthal,Goth M Achra,25.856391 66.6026038,25.856391,66.6026038
408,45368,Lasbela,uthal,uthal,Goth Umrani Yaqoob,26.066875 66.4580283,26.066875,66.4580283
409,45369,Lasbela,uthal,uthal,Goth M Hasan Sabra,26.0359069 66.5021395,26.0359069,66.5021395
410,45370,Lasbela,uthal,uthal,Goth bhiti weyaro ,26.0185554 66.4689289,26.0185554,66.4689289
411,45371,Lasbela,uthal,uthal,Goth Hamarkani,26.0429935 66.4866668,26.0429935,66.4866668
412,45372,Lasbela,uthal,uthal,Goth Ibrahim Sukan,26.0221894 66.5309066,26.0221894,66.5309066
413,45726,Lasbela,Uthal,Warayo,Goth Jangikhan Matkani,26.0239832 66.5143054,26.0239832,66.5143054
414,45373,Loralai,Bori,Cheena ,Cheena Alizai,30.4099178 68.901124,30.4099178,68.901124
415,45374,Loralai,Bori,Cheena ,Dilor,30.3941884 68.872687,30.3941884,68.872687
416,45375,Loralai,Bori,Cheena ,Kasai,30.3903267 68.9064617,30.3903267,68.9064617
417,45376,Loralai,Bori,Shabozai,Zareen Abad,30.4481608 68.8700677,30.4481608,68.8700677
418,45377,Loralai,Bori,Cheena ,Barnema Bala,30.3961187 68.8442537,30.3961187,68.8442537
419,45378,Loralai,Bori,Kuch Amaq,Chingen / thang,30.5224441 68.2275142,30.5224441,68.2275142
420,45379,Loralai,Bori,Kuch Amaq,Dargai Zakhpail,30.5651578 68.0681681,30.5651578,68.0681681
421,45380,Loralai,Bori,Bawer,Kanabi Nasraan,30.3839529 68.5246733,30.3839529,68.5246733
422,45381,Loralai,Bori,Kuch Amaq,Kanor Abad,30.495635 68.3105634,30.495635,68.3105634
423,45382,Loralai,Bori,Kuch Amaq,Chenalai,30.5503716 68.1668911,30.5503716,68.1668911
424,45384,Loralai,Bori,Kuch Amaq,Gul Baran,30.4922445 68.2933998,30.4922445,68.2933998
425,45385,Loralai,Bori,Kuch Amaq,Spedar,30.4751298 68.3239703,30.4751298,68.3239703
426,45386,Loralai,Bori,Kuch Amaq,Kharha La,30.4694736 68.3200165,30.4694736,68.3200165
427,45387,Loralai,Bori,Pathankot,Killi Sher Zaman kuch,30.5283947 69.3510862,30.5283947,69.3510862
428,45398,Loralai,Mekhtar,Khan Gul,Aqrabi Amanzai,30.5199032 69.3182702,30.5199032,69.3182702
429,45399,Loralai,Mekhtar,Toor thana,Kashki,30.5339775 68.9716265,30.5339775,68.9716265
430,45400,Loralai,Mekhtar,Toor thana,New Viala,30.380985 68.9701213,30.380985,68.9701213
431,45401,Loralai,Loralai,Makhtar,Ghara Naghar,30.5208545 69.0348383,30.5208545,69.0348383
432,45402,Loralai,Mekhtar,Toor thana,Chamaza,30.4272279 69.0517054,30.4272279,69.0517054
433,45403,Loralai,Mekhtar,Khan Gul,Sarwazhad,30.5413475 69.2652118,30.5413475,69.2652118
434,45404,Loralai,Bori,Toor thana,Ghozha,30.4570869 69.1526891,30.4570869,69.1526891
435,45405,Loralai,Mekhtar,Mekhtar,Kanobi Mulla Khail,30.3869676 68.5326852,30.3869676,68.5326852
436,45406,Loralai,Mekhtar,Khan Gul,Gharha Nali Malazai,30.4812268 69.2112365,30.4812268,69.2112365
437,45407,Loralai,Mekhtar,Khan Gul,Sarah Kalha,30.5398902 69.3238285,30.5398902,69.3238285
438,45408,Loralai,Mekhtar,Khan Gul,Nali Walezai,30.4450823 69.1803015,30.4450823,69.1803015
439,45696,Loralai,Mekhtar,Mekhtar,Kach Khair Muhammad,30.486468 69.2487719,30.486468,69.2487719
440,45697,Loralai,Mekhtar,Mekhtar,Killi Jorak,30.5590156 69.2824381,30.5590156,69.2824381
441,45698,Loralai,Bori,Kach amakzai,Killi Lungluna Sur Ghundai,30.5652407 67.7527475,30.5652407,67.7527475
442,45699,Loralai,Bori,,Killi Muhammad Khan Dotani,30.4342663 68.4849331,30.4342663,68.4849331
443,45409,Mastung,Dasht,Dasht,Killi Ghos Abad,29.5361513 66.7144221,29.5361513,66.7144221
444,45412,Mastung,Kanak,killi waris khan ,Killi Waris Khan,30.1098609 66.7323191,30.1098609,66.7323191
445,45413,Mastung,khadkocha,khadkocha,Killi Aziz,29.5827871 66.7389054,29.5827871,66.7389054
446,45414,Mastung,Kanak,shekhwasil,Killi Nihal Khan,29.9118862 66.7880116,29.9118862,66.7880116
447,45415,Mastung,Mastung,Faroq abad,Killi Kannati Jadid Qadim,29.5861628 66.7311262,29.5861628,66.7311262
448,45416,Mastung,Nawazabad,Kadkocha,Killi Shahnawaz/Killi Ismail Kadhkocha,29.80818 66.6931883,29.80818,66.6931883
449,45417,Mastung,khadkocha,Faroq abad,Killi Malik Abad,29.7050826 66.7599289,29.7050826,66.7599289
450,45418,Mastung,khadkocha,killi umar abad,Killi Umar Abad,29.5604708 66.7038598,29.5604708,66.7038598
451,45420,Mastung,Mastung,Sorgaz,Killi Khushrood,29.9249523 66.8453724,29.9249523,66.8453724
452,45700,Mastung,Dasht ,Maraw,Gar Marao,29.6925315 67.0686266,29.6925315,67.0686266
453,45701,Mastung,Dasht ,Maraw,Hamal Gar Maraw,29.7018191 67.0454216,29.7018191,67.0454216
454,45702,Mastung,Dasht ,Maraw,Arat Maraow,29.6838768 67.0590618,29.6838768,67.0590618
455,45421,Musa Khel,Kingeri,Kingeri,Killi Gider Dage,30.4195497 69.8484667,30.4195497,69.8484667
456,45422,Musa Khel,Kingeri,Rarasham,Killli Kuzah,30.3608833 69.95559,30.3608833,69.95559
457,45423,Musa Khel,Kingeri,Rarasham,Killi Jamo Koh Kuzah,30.3930339 69.9268766,30.3930339,69.9268766
458,45424,Musa Khel,Musakhial,Sadder,Muzah Chassan,30.8888499 69.8362935,30.8888499,69.8362935
459,45425,Musa Khel,Kingeri,Kingeri,Killi Hajji Baran,30.4564014 69.8301415,30.4564014,69.8301415
460,45426,Musa Khel,Musa Khel,Sadder,Killi Nasir Abad,30.8595267 69.8082919,30.8595267,69.8082919
461,45428,Musa Khel,Musa Khel,Zam,Killi Gandera Karam Khan,30.3753167 69.8234067,30.3753167,69.8234067
462,45429,Musa Khel,Kingeri,Kingeri,Killi Sher Khan ,30.3773134 69.8383973,30.3773134,69.8383973
463,45430,Musa Khel,Kingeri,Rarasham,Narani thahal,30.3487674 69.8085325,30.3487674,69.8085325
464,45431,Musa Khel,Kingeri,Kingeri,Killi Molvi Baran,30.4598161 69.8676985,30.4598161,69.8676985
465,45432,Musa Khel,Kingeri,Kingeri,Killi Kamal Zai,30.4694614 69.8441756,30.4694614,69.8441756
466,45433,Musa Khel,Kingeri,Rarasham,Abd Ullah Buzdar,30.327267 69.8555588,30.327267,69.8555588
467,45704,Musa Khel,Kengri,Undar Par,Basti Memi Buzadar,30.4679332 69.983336,30.4679332,69.983336
468,45044,Naseerabad,Tamboo,,Lal Muhammad Dharpali,28.345628 67.8749011,28.345628,67.8749011
469,45434,Naseerabad,Chattar,Dolat Ghari,Aslam Khoso,28.6596263 68.4343943,28.6596263,68.4343943
470,45435,Naseerabad,Feleji,Chattar,Muhammad Ameen Kheya,,,
471,45436,Naseerabad,Chattar,Shahpur,Syed Mansoor Shah,28.5823503 68.1610253,28.5823503,68.1610253
472,45438,Naseerabad,Judhair,Dera Murad Jamali,Abdul Ghani Sulangi,28.4868361 68.1753998,28.4868361,68.1753998
473,45440,Naseerabad,DM Jamali,Baga Baidar,Ranjhan Khan Hara,28.5868941 68.1009758,28.5868941,68.1009758
474,45441,Naseerabad,Quba Qaiser,DM Jamali,Fazal Muhammad Jamali,28.5770802 68.2016723,28.5770802,68.2016723
475,45442,Naseerabad,DM Jamali,Jhodair Shumali,Manzoor Ahmed Solangi,28.510892 68.2465395,28.510892,68.2465395
476,45443,Naseerabad,DM Jamali,Jhodair Shumali,Horan Khan Lohar,28.4727083 68.2538033,28.4727083,68.2538033
477,45444,Naseerabad,Manjoti,DM Jamali,Ameer Bakhsh Umrani,28.5337688 68.2690059,28.5337688,68.2690059
478,45445,Naseerabad,Baba Kot,Dear Murad Jamali,Hafeez abad/Shahnawaz Khosa,28.4512571 67.9940817,28.4512571,67.9940817
479,45446,Naseerabad,Quba Qaiser,DM Jamali,Abdul Hakeem Jattak,28.6193063 68.2576327,28.6193063,68.2576327
480,45447,Naseerabad,DM Jamali,Quba Sher Khan,Jamahan Bugti,28.6069904 68.2329135,28.6069904,68.2329135
481,45448,Naseerabad,DM Jamali,Quba Sher Khan,Goth Ghulam Qadir Neechari,28.5942447 68.278448,28.5942447,68.278448
482,45449,Naseerabad,DM Jamali,Quba Sher Khan,Muhammad Ayyoub Rind,28.6203672 68.1358805,28.6203672,68.1358805
483,45450,Naseerabad,Tamboo,Manjhoshori,Ahmed abad,28.5341278 67.9886162,28.5341278,67.9886162
484,45451,Naseerabad,DM Jamali,Quba Sher Khan,Karar Ahmed Khosa,28.6116294 68.1954624,28.6116294,68.1954624
485,45452,Naseerabad,Manjoti,DM Jamali,Delawer Bugti,28.5509973 68.2461184,28.5509973,68.2461184
486,45453,Naseerabad,DM Jamali,Quba Sher Khan,Goth Ghulam Qadir Jattak,28.6102665 68.1274056,28.6102665,68.1274056
487,45454,Naseerabad,Tamboo,Aliabad,Abdul Qader Pandrani,28.4081675 68.076109,28.4081675,68.076109
488,45455,Naseerabad,Tamboo,Aliabad,Asadullah Bulaidi,28.3540441 68.0689324,28.3540441,68.0689324
489,45456,Naseerabad,Tamboo,"	Ali Abad",Noor Muhammad Bugti,28.5578319 68.3990428,28.5578319,68.3990428
490,45457,Naseerabad,Tamboo,Aliabad,Muhammad Hayat Zahri,28.4637454 68.1166237,28.4637454,68.1166237
491,45458,Naseerabad,Tamboo,Aliabad,Syed Noor Shah,28.3938236 68.0995582,28.3938236,68.0995582
492,45459,Naseerabad,Aliabad,Tamboo,Muhammad Ibrahim Manjhoo,28.4182167 68.115035,28.4182167,68.115035
493,45460,Naseerabad,Tamboo,Aliabad,Durani khan jatak,28.4487526 68.1223861,28.4487526,68.1223861
494,45461,Naseerabad,Ismail Chalgari,Tamboo,Muhammad Umer Jattak,28.4048917 68.0945739,28.4048917,68.0945739
495,45462,Naseerabad,Tamboo,Fateh Muhammad,Arif Jan Umrani,28.4065125 67.9589153,28.4065125,67.9589153
496,45463,Naseerabad,Tamboo,Fateh Muhammad,Muhammad Ramzan Umrani,28.3964111 67.9749089,28.3964111,67.9749089
497,45464,Naseerabad,Tamboo,Gola Wah,Sobdar Gola,28.4098888 68.0564785,28.4098888,68.0564785
498,45465,Naseerabad,Tamboo,Kharos Wah,Abdul Fatah Umrani,28.4358428 67.9480371,28.4358428,67.9480371
499,45466,Naseerabad,Tamboo,Kharos Wah,Liaqat Ali Umrani,28.5444725 68.2085326,28.5444725,68.2085326
500,45467,Naseerabad,Tamboo,Aliabad,Muhammad Panah Gola,28.4014861 67.9933677,28.4014861,67.9933677
501,45468,Naseerabad,Tamboo,Manjhoshori,Ghulam Jan Manjhoo,28.5026021 68.0634092,28.5026021,68.0634092
502,45469,Naseerabad,Tamboo,Manjhoshori,Muhammad Rafique Manjhoo,28.4950061 68.0090736,28.4950061,68.0090736
503,45470,Naseerabad,Tamboo,Manjhoshori,Nazar Muhammad Manjhoo,28.470331 68.0165642,28.470331,68.0165642
504,45471,Naseerabad,Tamboo,Manjhoshori,Abdul Sattar Manjho,28.5113454 68.0311797,28.5113454,68.0311797
505,45472,Naseerabad,Tamboo,Manjhoshori,Qaiser Khan Manjhoo,28.4773942 68.0050105,28.4773942,68.0050105
506,45473,Naseerabad,Tamboo,Manjhoshori,Moula Bakhsh Manjhoo,28.4986694 68.0488905,28.4986694,68.0488905
507,45474,Naseerabad,chatar,shori dabi,Muhammad Bux Umrani/M Hayat umrani,28.5977399 68.3818152,28.5977399,68.3818152
508,45475,Naseerabad,Tamboo,Ghari Rehman,Sharif umrani,28.4247441 67.9666005,28.4247441,67.9666005
509,45476,Naseerabad,Baba Kot,Baba Kot,Chandia Lahri,28.3455903 67.8748789,28.3455903,67.8748789
510,45477,Naseerabad,Ghari Rehman,Tamboo,Pir Bakhsh Umrani,28.2636117 67.8860997,28.2636117,67.8860997
511,45478,Naseerabad,Tamboo,Baba Kot,Roshan Ali Umrani,28.3779169 67.7683309,28.3779169,67.7683309
512,45479,Naseerabad,Tamboo,Kona Tamboo,Lal Muhammad jattak,28.4254903 67.916565,28.4254903,67.916565
513,45480,Naseerabad,DM Jamali,Quba Qaiser,Sultan Khan Bugti,28.5882609 68.3201562,28.5882609,68.3201562
514,45481,Naushki,Naushki,Badini,Fateh Muhammad,29.6735934 65.9786224,29.6735934,65.9786224
515,45482,Naushki,Naushki,Badini,Noor Muhammad Gaznali,29.7326241 65.976391,29.7326241,65.976391
516,45483,Naushki,Naushki,Keshingi,Lal Muhammad ,29.7466724 66.1942898,29.7466724,66.1942898
517,45484,Naushki,Naushki,Badini,Qadir Bakhsh kisankoori,29.6374232 65.9905031,29.6374232,65.9905031
518,45485,Naushki,Naushki,Keshingi,Muhammad Aslam,29.7201126 66.1729607,29.7201126,66.1729607
519,45486,Naushki,Naushki,Keshingi,Muhammad Usman,29.6871182 66.2418797,29.6871182,66.2418797
520,45685,Naushki,Naushki,,Killi Imam Bakhsh,29.6807449 66.1422717,29.6807449,66.1422717
521,45488,Panjgoor,Gwargo ,Gwargo,Mohella Dhally Bazar,26.7906001 64.2888891,26.7906001,64.2888891
522,45491,Panjgoor,Gwargo ,Dasht Shahbaz,Mohella Wadano/BERONT,26.7099534 64.0379627,26.7099534,64.0379627
523,45492,Panjgoor,Gwargo ,Gwargo,Mengal Bazar,26.7655502 64.1007182,26.7655502,64.1007182
524,45493,Panjgoor,Gwargo ,Gwargo,Mohella Shahmeer Bershunki,26.7865271 64.2308985,26.7865271,64.2308985
525,45494,Panjgoor,Gwargo ,Gwargo,Mohella Khair Muhammad Kallag,26.7361202 64.2225663,26.7361202,64.2225663
526,45495,Panjgoor,Gwargo ,Koh Bun,Killi Kalari Gul Baig,27.052103 65.0349232,27.052103,65.0349232
527,45496,Panjgoor,Panjgoor,Gwargo,Mortan,26.7781718 64.2930071,26.7781718,64.2930071
528,45497,Panjgoor,Panjgoor,Sarikoran,Mohella Kachkol,26.9667263 64.1578306,26.9667263,64.1578306
529,45498,Panjgoor,Gwargo ,Gichk,Ghulam Jan Bazar Gichk,26.9853637 64.8744188,26.9853637,64.8744188
530,45499,Panjgoor,Gwargo ,Keelkor,Sofi Ghulam Bazar Keelkor,26.2101943 64.0556366,26.2101943,64.0556366
531,45500,Panjgoor,Gwargo ,Keelkor,Red-e-Tok Keelkor,26.254589 64.0091038,26.254589,64.0091038
532,45501,Panjgoor,Gwargo ,Keelkor,Dashtak Keelkor,26.3626784 64.140258,26.3626784,64.140258
533,45502,Panjgoor,Gwargo ,Koh Bun,Mohella Rehmat Bazar ,26.6525056 63.952912,26.6525056,63.952912
534,45503,Panjgoor,Parom,Bandeken Parom,Haji Moheem Bazar Parom,26.6315546 63.2631829,26.6315546,63.2631829
535,45504,Panjgoor,Panjgoor,Kallag,Murad Bux Bazar Sabz Koh,26.9846286 64.0193445,26.9846286,64.0193445
536,45505,Panjgoor,Panjgoor,Sarikoran,Mohella Haji Muhammad Sharif,26.9950771 64.1612298,26.9950771,64.1612298
537,45506,Panjgoor,Panjgoor,Sarikoran,Karim Bux Bazar Han e Tal,26.9749425 64.3136807,26.9749425,64.3136807
538,45507,Panjgoor,Panjgoor,Sarikoran,Beerander,26.9975063 64.1802204,26.9975063,64.1802204
539,45508,Panjgoor,Panjgoor,Sabzab,Mohella Bahar,26.9987345 64.216617,26.9987345,64.216617
540,45705,Panjgoor,Gawargo,Kelkore,Noor Bakhsh Bazar,26.2773131 64.0910161,26.2773131,64.0910161
541,45706,Panjgoor,Gawargo,Gichk,Muhalla karkedal Gichk,27.014476 64.937283,27.014476,64.937283
542,45707,Panjgoor,Panjgoor,Chitkan,Muhalla Munir Ahmed,26.9650123 64.1155964,26.9650123,64.1155964
543,45708,Panjgoor,Panjgoor,Washbodh,Killi Naseerabad Basham,27.0332122 64.1851568,27.0332122,64.1851568
544,45710,Panjgoor,Panjgoor,Washbodh,Killi Anwarabad Bisham,27.020572 64.1688515,27.020572,64.1688515
545,45711,Panjgoor,Panjgoor,Surdo,Muhalla Usman Green Town,26.955791 64.1720156,26.955791,64.1720156
546,45712,Panjgoor,Panjgoor,Sary Koran,Baloch abad Dogani,27.0002219 64.1867825,27.0002219,64.1867825
547,45723,Panjgoor,Panjgoor,Tap,Faizabad,27.008788 64.0571505,27.008788,64.0571505
548,45509,Pishin,Karaizat,Bostan,Killi New Mehtarzai,30.9357733 67.3446133,30.9357733,67.3446133
549,45512,Pishin,Huramzai,Ibrahimzai,Bala Ibrahimzai,30.7435477 67.0371483,30.7435477,67.0371483
550,45513,Pishin,Karaizat,Rod Malazai,Pareza ,30.6390934 67.5305612,30.6390934,67.5305612
551,45514,Pishin,Saranan,Ajram,Syed Abad Ajram,30.2748857 66.6335722,30.2748857,66.6335722
552,45515,Pishin,Pishin,Ajrum,Killi Darya Khan/Alam abad,30.6000906 67.0182191,30.6000906,67.0182191
553,45516,Pishin,Saranan,Ajram,Syed Ghani,,#VALUE!,#VALUE!
554,45517,Pishin,Saranan,Ajram,Askavi Ajram,30.357198 66.7159099,30.357198,66.7159099
555,45518,Pishin,Saranan,Ajram,Hazrat Gul Ajram,30.3582048 66.7577888,30.3582048,66.7577888
556,45519,Pishin,Huramzai,Char Badizai,Killi Char Badizai,30.6753464 66.7886997,30.6753464,66.7886997
557,45520,Pishin,Karaizat,Mughtian,New Nasaran Jilani,30.4097174 66.9699295,30.4097174,66.9699295
558,45521,Pishin,Saranan,Shadizai,Saley Mohammad,30.5779874 66.7915044,30.5779874,66.7915044
559,45522,Pishin,Pishin,Malkiay,Killi Aliabad/Miryani Abad,,,
560,45523,Pishin,Pishin,Pishin,New Sulaiman Khail,30.5860429 66.9638259,30.5860429,66.9638259
561,45656,Pishin,Huramzai,Manzari,Haji Habibullah,30.7224295 67.0275657,30.7224295,67.0275657
562,45713,Pishin,Yaro,,Killi Station yaro,30.5040304 66.9538593,30.5040304,66.9538593
563,45524,Quetta,Quetta,Beleli,Regai Beleli,30.29079 66.8495272,30.29079,66.8495272
564,45525,Quetta,Quetta,Kuchlak,Jamal Abad Autozai ,30.3815493 66.9117473,30.3815493,66.9117473
565,45526,Quetta,Panchpai,Panchpai,Killli M.Hassani Panjpai,29.8851281 66.5210159,29.8851281,66.5210159
566,45527,Quetta,Panchpai,Panchpai,Killi Ali,29.8810932 66.5661403,29.8810932,66.5661403
567,45528,Quetta,Panchpai,Panchpai,Killi Sher Dil,29.9189788 66.5710154,29.9189788,66.5710154
568,45530,Sherani,Sherani,Kapip,Killi Mangalzai,31.3351308 69.4546341,31.3351308,69.4546341
569,45531,Sherani,Sherani,Karama,Pasta Sherani,31.325113 69.6247222,31.325113,69.6247222
570,45532,Sherani,Sherani,Manikhawa,Srey Toy Kamalzai,31.3351521 69.4546048,31.3351521,69.4546048
571,45533,Sherani,Sherani,Sheen Ghar,Sharan Payo Muhd ,31.5843912 69.6368706,31.5843912,69.6368706
572,45534,Sherani,Sherani,Manikhawa,Rasta Wasta,31.3350658 69.4546139,31.3350658,69.4546139
573,45535,Sherani,Sherani,Danasar,Kaza Abdulla Khan,31.3351655 69.4545875,31.3351655,69.4545875
574,45536,Sherani,Sherani,Shenghar,Sardar Qasim,31.3351168 69.4546833,31.3351168,69.4546833
575,45537,Sherani,Sherani,Kapip,Khani Kaza,31.3351132 69.4546257,31.3351132,69.4546257
576,45083,Sibi,Lehri,Lehri,Goth Basham khan/Goth Lakhmeer Khan,,,
577,45097,Sibi,Tunya Balina,Lehri,Taj Muhammad Talani,,,
578,45538,Sibi,Sibi,Tali,Allah abad (Moza Mandhani)/Haji Horhan,29.534403 68.0779932,29.534403,68.0779932
579,45539,Sibi,Lahri,Khair wah,Saeed Khan Baghdar,29.2381897 68.0063107,29.2381897,68.0063107
580,45540,Sibi,Lehri,khar wah,Salar abad,29.1799127 67.9939158,29.1799127,67.9939158
581,45541,Sibi,Lehri,Treehar,Haji Madad Baghdar/Walya Baghdar,29.220172 68.2421608,29.220172,68.2421608
582,45542,Sibi,Lahri,thari,Murad wha/Ali Gul Gabol,28.8366521 68.0610156,28.8366521,68.0610156
583,45543,Sibi,Lahri,Threher,Arbab Khan Baghdar,29.2635523 68.259009,29.2635523,68.259009
584,45544,Sibi,Lahri,thari,Mosa Talani (Teri Bharahmani),29.1832319 68.0612441,29.1832319,68.0612441
585,45545,Sibi,Lahri,tunya baktrabad,Abdul Rehman Machhi,29.0668252 68.1314098,29.0668252,68.1314098
586,45546,Sibi,Lahri,tunya baktrabad,Killi Jatt,29.6298335 67.9471578,29.6298335,67.9471578
587,45547,Sibi,Lahri,Bakhtiar abad,Jeal Khan Bhand/Goth Imam Bakhsh Behramani,29.0425146 68.0423415,29.0425146,68.0423415
588,45548,Sibi,Sibi,korak,Goth Suleiman ,29.5869951 67.9323926,29.5869951,67.9323926
589,45549,Sibi,Sibi,mal,Killi Juma Kuch,29.484123 68.0364217,29.484123,68.0364217
590,45550,Sibi,Sibi,Takri darmani,Mal Gharkan,29.4041441 67.9323,29.4041441,67.9323
591,45551,Sibi,Sibi,Mal,Kot Barozai/Chakar Kach,29.4802871 67.9394771,29.4802871,67.9394771
592,45552,Sibi,Sibi,Marghzani,Peerak Safi Darbar,29.4449206 67.8451561,29.4449206,67.8451561
593,45553,Sibi,Sibi,Talli,Bastti shair jan,29.5520611 68.1220659,29.5520611,68.1220659
594,45554,Sibi,Sibi,Korak,Raees abad/Dharpali,29.5702613 68.0508564,29.5702613,68.0508564
595,45132,Sohbat Pur,Sohbatpur,Drigghi,Kareem Bakash Khosa,28.6233494 68.5168739,28.6233494,68.5168739
596,45133,Sohbat Pur,Sohbatpur,Drigghi,Aziz-u-Rehman Khosa/ Bahadur Khosa,28.5846867 68.4109465,28.5846867,68.4109465
597,45134,Sohbat Pur,Sohbat Pur,Hamidpur,Raheem Bakhsh Kandrani,28.4335656 68.725546,28.4335656,68.725546
598,45135,Sohbat Pur,Sohbat Pur,Hamidpur,Muhammad Ashraf Lashari/Mula Basksh Jattak,28.5136504 68.6825955,28.5136504,68.6825955
599,45136,Sohbat Pur,Sohbat Pur,Sannari,Darya khan gajani/Arbab Pandrani,28.4587861 68.8365633,28.4587861,68.8365633
600,45437,Sohbat Pur,Herheen,Seekhrah,Akbar khayazai,28.5371881 68.6061338,28.5371881,68.6061338
601,45714,Sohbat Pur,Saeed muhammad pat,Hamidpur,Goth Gul Sher Kandrani,28.4850831 68.7614778,28.4850831,68.7614778
602,45161,Surab,Surab,Dashtgoran,Killi Ali Abad,28.7415049 66.2256699,28.7415049,66.2256699
603,45164,Surab,sorab,Marap,Killi Mohammad Hasani,28.6688177 66.1647611,28.6688177,66.1647611
604,45165,Surab,Gedar,shadazai,Killi Meraji,28.2294113 66.0698827,28.2294113,66.0698827
605,45166,Surab,Gedar,shadazai,Killi Kheyazai,28.1797958 66.055041,28.1797958,66.055041
606,45670,Surab,Surab,dasht e gohran,Killi Haji Muhammad Amin,28.9313622 66.3599616,28.9313622,66.3599616
607,45163,Surab ,Gedar,shadazai,Killi Khokan,28.5127067 66.2686433,28.5127067,66.2686433
608,45114,Usta Muhammad,Gandakha,Ahmedabad,Ghulam Jan Kaker,28.1224996 67.8079566,28.1224996,67.8079566
609,45120,Usta Muhammad,Gandakha,Head Bagh,Qaim khan Badeni,28.0731913 67.7349661,28.0731913,67.7349661
610,45137,Usta Muhammad,Usta Muhammad,Usta Muhammad,Kaichi Khan Umrani,28.1518354 67.9405135,28.1518354,67.9405135
611,45555,Washuk,Basima,Kurragi,Allahabad Zard,,,
612,45556,Washuk,Basima,Kurragi,Ghos Bakhsh,27.9165149 65.8161704,27.9165149,65.8161704
613,45557,Washuk,Nag,Nag,Dil Murad Sarchashma,,,
614,45558,Washuk,Basima,Basima,Abdul Rasheed Sherinza,27.7906283 65.6022684,27.7906283,65.6022684
615,45559,Washuk,Basima,Basima,Lal Muhammad Bedrang,27.6638217 65.521825,27.6638217,65.521825
616,45560,Washuk,Basima,Basima,Abdul Rehman Dolari,27.6903255 65.5281648,27.6903255,65.5281648
617,45561,Washuk,Basima,Kurragi,Abdul Haq Damag,28.0424046 65.5187016,28.0424046,65.5187016
618,45562,Washuk,Basima,Basima,Jangezai,27.8577602 65.7896301,27.8577602,65.7896301
619,45563,Washuk,Nag,Nag,Muhammad Amin Kashanap,,,
620,45564,Washuk,Basima,Kurragi,Ali Dost Damag,28.1102546 65.5848852,28.1102546,65.5848852
621,45565,Washuk,Nag,Shinger,Meshtal,,,
622,45566,Washuk,Basima,Basima,Muhammad Noor Kodi,,,
623,45567,Washuk,Basima,Kurragi,Dhali Check Post,28.2701647 65.6645231,28.2701647,65.6645231
624,45568,Washuk,Basima,Basima,Peer Muhammad Kappar,,,
625,45569,Washuk,Shaugari,Garang,Chuttuk,28.3057339 65.0915747,28.3057339,65.0915747
626,45570,Washuk,Shaugari,Garang,Nawar,28.3291997 65.1072072,28.3291997,65.1072072
627,45571,Washuk,Shaugari,Garang,Nazar Mohammad Dely,28.3378862 65.2435056,28.3378862,65.2435056
628,45572,Washuk,Shaugari,Garang,Sir Diley,28.3619485 65.2621999,28.3619485,65.2621999
629,45573,Washuk,Shaugari,Garang,Sore Aamag,28.3034231 65.2052601,28.3034231,65.2052601
630,45575,Washuk,Shaugari,Garang,Ameer Bakhsh/Abdul Khaliq Keerachah,28.479168 64.8883437,28.479168,64.8883437
631,45576,Washuk,Shaugari,Jangian,Khuda Bakhsh,28.3174981 64.5159248,28.3174981,64.5159248
632,45577,Washuk,Shaugari,Jangian,Peer Sabz,28.5102242 64.9553096,28.5102242,64.9553096
633,45579,Washuk,Shaugari,Jangian,Sorgil,28.3348167 64.4294965,28.3348167,64.4294965
634,45580,Washuk,Nag,Nag,Ali Jan Shinger,27.6125523 65.4616712,27.6125523,65.4616712
635,45581,Washuk,Basima,Shinger,Murad Khan Tanki,,,
636,45582,Washuk,Basima,Basima,Abdul Qadir Kappar,27.686305 65.6127467,27.686305,65.6127467
637,45583,Washuk,Basima,Kurragi,Noor Ahmed Sinkurri ,27.9694676 65.4409759,27.9694676,65.4409759
638,45584,Washuk,Nag,Shinger,Muhammad Azam Peezg,,,
639,45585,Washuk,Basima,Kurragi,Khuda Rahm Damag,28.0635909 65.5279486,28.0635909,65.5279486
640,45586,Washuk,Basima,Basima,Green Town,27.8725526 65.815968,27.8725526,65.815968
641,45587,Washuk,Basima,Kurragi,Ali Muhammad Gedbast,28.1782593 65.6212176,28.1782593,65.6212176
642,45588,Washuk,Basima,Basima,Goregej,27.8580139 65.627386,27.8580139,65.627386
643,45589,Washuk,Basima,Kurragi,Akbar Dhali,28.1933332 65.6954645,28.1933332,65.6954645
644,45590,Washuk,Basima,Kurragi,Gawar Khan,28.0677435 65.5424427,28.0677435,65.5424427
645,45591,Zhob,Zhob,Garda Babar,Maratyan,31.2645474 69.543422,31.2645474,69.543422
646,45592,Zhob,Zhob,Narezai,Nargasi Talab,31.3351596 69.4546423,31.3351596,69.4546423
647,45594,Zhob,Zhob,Shabzai,Mashazai Malwar,31.3351634 69.4544963,31.3351634,69.4544963
648,45595,Zhob,Zhob,badenzai,Shenky Barad,31.3351415 69.4545957,31.3351415,69.4545957
649,45596,Zhob,Zhob,Lakaband,Killi Haidizai,31.3351016 69.454648,31.3351016,69.454648
650,45597,Zhob,Zhob,Lakaband,Nargosai,31.3351319 69.4545583,31.3351319,69.4545583
651,45598,Zhob,Zhob,Tang Sar,Zhar Gatkai,31.3351318 69.4546464,31.3351318,69.4546464
652,45599,Zhob,Zhob,Garda Babar,Takai Babar,31.3351436 69.4545811,31.3351436,69.4545811
653,45601,Zhob,Zhob,Sambaza,Sharan Babkerkhal,31.3351409 69.454612,31.3351409,69.454612
654,45602,Zhob,Zhob,sheen ghar,Shana Khazai,31.335152 69.4546157,31.335152,69.4546157
655,45603,Zhob,Zhob,Shabzai,Kashtot Malwar,31.3350942 69.4546362,31.3350942,69.4546362
656,45604,Zhob,Zhob,Shabzai,Ali khanzai,31.3351241 69.4546337,31.3351241,69.4546337
657,45605,Zhob,Zhob,Shabzai,Butt samazai,31.3351307 69.4545988,31.3351307,69.4545988
658,45606,Zhob,Zhob,Garda Babar,Khwaza Aghbarg,31.3194255 69.2621075,31.3194255,69.2621075
659,45607,Zhob,Zhob,Shabzai,Killi new abadi badinzai,31.3351683 69.4545984,31.3351683,69.4545984
660,45608,Zhob,Zhob,Garda Babar,Landyan Babar,31.3351376 69.4545655,31.3351376,69.4545655
661,45609,Zhob,Zhob,Meralikhail,Sharan lalazai,31.6027352 69.5733793,31.6027352,69.5733793
662,45610,Zhob,Zhob,Mena Bazar,Killi Bazlo Haji Khan,31.3351582 69.4546812,31.3351582,69.4546812
663,45611,Zhob,Zhob,Shabzai,Sur Kach,31.3433893 69.1977772,31.3433893,69.1977772
664,45612,Zhob,Zhob,Shabzai,warsak sabakzai,31.3351084 69.4545607,31.3351084,69.4545607
665,45716,Zhob,Zhob,Naraizai,Killi Khozakzai Wadani,31.3352291 69.454653,31.3352291,69.454653
666,45717,Zhob,Zhob,Mir ali Khail,Killi Paswandai,31.3352117 69.454653,31.3352117,69.454653
667,45718,Zhob,Zhob,Wala Akram,Killi Janbakhta Wala Akram,31.3352094 69.4546383,31.3352094,69.4546383
668,45719,Zhob,Zhob,Wala Akram,Nashtrai Mir ali khail,31.3352515 69.4545597,31.3352515,69.4545597
669,45720,Zhob,Zhob,Sabakzai,Killi Sarkai Wahza,31.335142 69.4547662,31.335142,69.4547662
670,45727,Zhob,Zhob,Wala Akram,Killi Gharzghan Wali Akram,31.5088096 69.3582121,31.5088096,69.3582121
671,45613,Ziarat,Sanjavi,Baghao,Killi Kharashang,30.2005707 68.4507493,30.2005707,68.4507493
672,45615,Ziarat,Sanjavi,Zara Sanjavi,Shina Khezai,30.3825288 67.7238724,30.3825288,67.7238724
673,45616,Ziarat,Sanjavi,Baghao,Killi shanglez,30.3824576 67.7238218,30.3824576,67.7238218
674,45617,Ziarat,Sanjavi,Baghao,Killi Zara Kalla Baghow,30.2717627 68.3182633,30.2717627,68.3182633
675,45621,Ziarat,Sanjavi,Sadar,Killi Churmain,30.271804 68.3182435,30.271804,68.3182435
676,45622,Ziarat,Sanjavi,Zara Sanjavi,Killi Khrot abad,30.2998448 68.4792642,30.2998448,68.4792642
677,45624,Ziarat,Sanjavi,Aghbargh,Killi Aghbarg,30.3546544 68.4067215,30.3546544,68.4067215
678,45614,Ziarat ,Sanjawi,Baghaow,Matazai,30.3824776 67.7238838,30.3824776,67.7238838
679,45619,Ziarat ,Sanjawi,Chotair,Khaza Chotair,30.271772 68.3182116,30.271772,68.3182116
680,45620,Ziarat ,Ziarat,Ziarat,Chotair,30.3543396 67.9394673,30.3543396,67.9394673
681,45623,Ziarat ,Sanjawi,Ragora,Sara Khazai 2,30.2718299 68.3182413,30.2718299,68.3182413
682,45625,Ziarat ,Sanjawi,Pai,Poi ,30.2718278 68.318317,30.2718278,68.318317
683,45626,Ziarat ,Sanjawi,Ragora,Garda ,30.2718428 68.3183994,30.2718428,68.3183994
684,45627,Ziarat ,Sanjawi,Ragora,Wazalon,30.2717816 68.3182734,30.2717816,68.3182734
685,45628,Ziarat ,Sanjawi,Ragora,Sara Khazai 1,30.2717493 68.3182995,30.2717493,68.3182995
686,45629,Ziarat ,Sanjawi,Azghara,Jamal Abad,30.2717465 68.3182658,30.2717465,68.3182658
687,45630,Ziarat ,Sanjawi,Azghara,Killi Ghoundi,30.271856 68.3183587,30.271856,68.3183587
688,45632,Ziarat ,Ziarat,Ziarat,Bagh Karwanda,30.2717374 68.3182674,30.2717374,68.3182674
689,45633,Ziarat ,Ziarat,Ziarat,Zara China,30.2717893 68.3181961,30.2717893,68.3181961
690,45634,Ziarat ,Sanjawi,Ragora,Arbosai,30.2717285 68.3181797,30.2717285,68.3181797